-- phpMyAdmin SQL Dump
-- version 5.2.1
-- https://www.phpmyadmin.net/
--
-- Host: 127.0.0.1
-- Generation Time: Jul 19, 2024 at 03:37 PM
-- Server version: 10.4.32-MariaDB
-- PHP Version: 8.2.12

SET SQL_MODE = "NO_AUTO_VALUE_ON_ZERO";
START TRANSACTION;
SET time_zone = "+00:00";


/*!40101 SET @OLD_CHARACTER_SET_CLIENT=@@CHARACTER_SET_CLIENT */;
/*!40101 SET @OLD_CHARACTER_SET_RESULTS=@@CHARACTER_SET_RESULTS */;
/*!40101 SET @OLD_COLLATION_CONNECTION=@@COLLATION_CONNECTION */;
/*!40101 SET NAMES utf8mb4 */;

--
-- Database: `eshop`
--

-- --------------------------------------------------------

--
-- Table structure for table `appointments`
--

CREATE TABLE `appointments` (
  `id` bigint(20) UNSIGNED NOT NULL,
  `name` varchar(255) NOT NULL,
  `adderss` varchar(255) NOT NULL,
  `phone_number` varchar(255) NOT NULL,
  `status` tinyint(4) NOT NULL DEFAULT 1,
  `created_at` timestamp NULL DEFAULT NULL,
  `updated_at` timestamp NULL DEFAULT NULL
) ENGINE=InnoDB DEFAULT CHARSET=utf8mb4 COLLATE=utf8mb4_unicode_ci;

-- --------------------------------------------------------

--
-- Table structure for table `migrations`
--

CREATE TABLE `migrations` (
  `id` int(10) UNSIGNED NOT NULL,
  `migration` varchar(255) NOT NULL,
  `batch` int(11) NOT NULL
) ENGINE=InnoDB DEFAULT CHARSET=utf8mb4 COLLATE=utf8mb4_unicode_ci;

--
-- Dumping data for table `migrations`
--

INSERT INTO `migrations` (`id`, `migration`, `batch`) VALUES
(1, '0001_01_01_000000_create_users_table', 1),
(2, '2024_07_11_161538_create_product_types_table', 1),
(3, '2024_07_11_161634_create_products_table', 1),
(4, '2024_07_11_162404_create_reviews_table', 1),
(5, '2024_07_11_162559_create_news_table', 1),
(6, '2024_07_19_131609_create_appointments_table', 2);

-- --------------------------------------------------------

--
-- Table structure for table `news`
--

CREATE TABLE `news` (
  `id` bigint(20) UNSIGNED NOT NULL,
  `title` varchar(255) NOT NULL,
  `content` longtext NOT NULL,
  `description` varchar(255) NOT NULL,
  `thumbnail` varchar(255) NOT NULL,
  `status` tinyint(4) NOT NULL DEFAULT 1,
  `created_at` timestamp NULL DEFAULT NULL,
  `updated_at` timestamp NULL DEFAULT NULL
) ENGINE=InnoDB DEFAULT CHARSET=utf8mb4 COLLATE=utf8mb4_unicode_ci;

--
-- Dumping data for table `news`
--

INSERT INTO `news` (`id`, `title`, `content`, `description`, `thumbnail`, `status`, `created_at`, `updated_at`) VALUES
(1, 'Dental Health Tips for Kids', 'Maintaining good dental health is crucial for kids as it sets the foundation for a lifetime of healthy teeth and gums. Here are some essential dental health tips to help ensure your child’s smile remains bright and healthy.  1. Start Early: Begin oral care early, even before your baby’s first tooth appears. Wipe your baby’s gums with a clean, damp cloth after feedings. Once the first tooth comes in, start brushing with a small, soft-bristled toothbrush and a tiny amount of fluoride toothpaste.  2. Establish a Routine: Make brushing and flossing a part of your child’s daily routine. Encourage brushing at least twice a day and flossing once a day. Use a timer or play a fun song to ensure they brush for the recommended two minutes.  3. Choose the Right Toothpaste: Use fluoride toothpaste to help prevent cavities. For children under three, use a smear or grain-sized amount. For children aged three to six, use a pea-sized amount. Supervise brushing to ensure they don’t swallow toothpaste.  4. Healthy Eating Habits: Limit sugary snacks and drinks, which can lead to tooth decay. Encourage your child to eat a balanced diet with plenty of fruits, vegetables, and dairy products that promote strong teeth and gums. Drinking water instead of sugary drinks can also help keep their teeth healthy.  5. Regular Dental Visits: Schedule regular dental check-ups starting from the first birthday or when the first tooth appears. Regular visits help detect potential issues early and allow the dentist to provide professional cleaning and preventive care.  6. Teach Proper Technique: Show your child the correct way to brush and floss. Teach them to hold the toothbrush at a 45-degree angle to the gums and to brush gently in circular motions. Demonstrate flossing by carefully sliding the floss between teeth and gently curving it around each tooth.  7. Make Dental Care Fun: Turn brushing and flossing into a fun activity. Let your child choose their toothbrush and toothpaste. Use reward charts and offer praise or small rewards for consistent dental care.  8. Protect Their Teeth: If your child is active in sports, ensure they wear a mouthguard to protect their teeth from injury. Talk to your dentist about the best type of mouthguard for your child.  9. Lead by Example: Set a good example by practicing good oral hygiene yourself. Children are more likely to follow through with dental care if they see their parents taking it seriously.  10. Address Dental Anxiety: Some children may be anxious about visiting the dentist. Prepare them by explaining what to expect during the visit. Choose a pediatric dentist who is experienced in dealing with children and can make the visit a positive experience.  By following these dental health tips, you can help your child develop healthy oral hygiene habits that will last a lifetime. Remember, a healthy smile starts with good habits at a young age.  This content provides practical and engaging tips for parents to help their children maintain good dental health, suitable for a news article aimed at promoting dental hygiene among kids.', 'Discover essential dental health tips to keep your kids\\\' teeth strong and healthy.', 'https://bizweb.dktcdn.net/thumb/grande/100/355/752/products/boc-rang-su.jpg?v=1560098941690', 1, NULL, NULL),
(2, 'How to Prevent Gum Disease', 'Gum disease, also known as periodontal disease, is a common condition that can lead to serious oral health issues if left untreated. Here are some effective ways to prevent gum disease and maintain healthy gums:  1. Maintain Good Oral Hygiene Brush Regularly: Brush your teeth at least twice a day using fluoride toothpaste. Ensure you brush for at least two minutes each time. Use the Right Technique: Hold your toothbrush at a 45-degree angle to your gums and use short, gentle strokes to clean all surfaces of your teeth, including the front, back, and chewing surfaces. Floss Daily: Flossing helps remove plaque and food particles from between your teeth and under the gumline where your toothbrush can’t reach. Rinse with Mouthwash: Use an antimicrobial or fluoride mouthwash to reduce plaque and prevent gingivitis. 2. Schedule Regular Dental Check-Ups Professional Cleanings: Visit your dentist or dental hygienist every six months for professional cleanings to remove tartar (hardened plaque) that can’t be removed with regular brushing and flossing. Regular Exams: Regular dental exams help detect early signs of gum disease, tooth decay, and other oral health issues. 3. Maintain a Healthy Diet Limit Sugary Foods and Drinks: Sugary foods and beverages can contribute to plaque buildup and gum disease. Opt for water, milk, and unsweetened tea instead. Eat Nutritious Foods: Include plenty of fruits, vegetables, whole grains, and lean proteins in your diet. Foods rich in vitamins and minerals, particularly vitamin C and calcium, support healthy gums and teeth. 4. Quit Smoking and Tobacco Use Avoid Tobacco Products: Smoking and using other tobacco products increase the risk of gum disease and oral cancer. Quitting tobacco can significantly improve your gum health and overall well-being. 5. Manage Stress Reduce Stress: High levels of stress can negatively affect your immune system, making it harder for your body to fight off infections, including gum disease. Practice stress-reducing techniques such as exercise, meditation, and deep breathing. 6. Stay Hydrated Drink Plenty of Water: Drinking water helps wash away food particles and bacteria, keeping your mouth clean and reducing the risk of gum disease. 7. Be Aware of Medications Understand Medication Side Effects: Some medications can reduce saliva flow, leading to dry mouth and increased risk of gum disease. If you experience dry mouth, talk to your dentist about ways to increase saliva production, such as using a saliva substitute or chewing sugar-free gum. 8. Recognize Early Signs of Gum Disease Monitor Your Gums: Be aware of symptoms such as red, swollen, or bleeding gums, persistent bad breath, receding gums, and loose teeth. Early detection and treatment can prevent the progression of gum disease. 9. Use the Right Dental Products Choose the Right Toothbrush: Use a soft-bristled toothbrush to avoid irritating your gums. Electric toothbrushes can also be effective in reducing plaque and gingivitis. Consider Antimicrobial Toothpaste: Some toothpastes are formulated to reduce bacteria and help prevent gum disease. 10. Consider Additional Preventive Measures Dental Sealants: In some cases, dental sealants can be applied to protect the teeth from decay and reduce the risk of gum disease. Fluoride Treatments: Your dentist may recommend fluoride treatments to strengthen your teeth and gums. By following these steps, you can significantly reduce your risk of developing gum disease and maintain healthy gums and teeth. Regular dental care, good oral hygiene, and a healthy lifestyle are key to preventing gum disease and ensuring long-term oral health.', 'Learn about the best practices to prevent gum disease and maintain healthy gums.', 'https://www.kin.es/wp-content/uploads/2024/01/fatores_que_influyen_en_la_rapidez.jpg', 1, NULL, NULL),
(3, 'The Importance of Regular Dental Checkups', 'Regular dental checkups are crucial for maintaining good oral health and preventing various dental problems. Here are some reasons highlighting the importance of these checkups:  1. Early Detection of Dental Issues Prevention and Early Treatment: Regular dental visits allow your dentist to detect early signs of dental problems such as cavities, gum disease, and oral cancer. Early detection can lead to less invasive and more effective treatments. Avoiding Complications: Identifying issues early can prevent them from developing into more severe problems that require extensive and expensive treatments. 2. Professional Cleaning Removing Plaque and Tartar: Even with diligent brushing and flossing, it’s challenging to remove all plaque and tartar buildup. Professional cleanings help to remove these deposits, preventing cavities and gum disease. Polishing Teeth: Dental professionals can polish your teeth, removing surface stains and giving you a brighter smile. 3. Gum Disease Prevention Gingivitis and Periodontitis: Regular checkups help in the early detection and treatment of gingivitis, the first stage of gum disease. If left untreated, gingivitis can progress to periodontitis, a more severe form of gum disease that can lead to tooth loss. Deep Cleaning: For those already showing signs of gum disease, dental checkups can include deep cleaning procedures, such as scaling and root planing, to treat the condition. 4. Oral Cancer Screening Early Detection: Dentists perform oral cancer screenings during regular checkups. Early detection of oral cancer can significantly improve treatment outcomes and survival rates. Risk Factor Management: Dentists can identify risk factors for oral cancer and provide guidance on reducing those risks. 5. Maintaining Overall Health Connection to Systemic Health: Oral health is closely linked to overall health. Poor oral hygiene and untreated dental issues can contribute to various systemic conditions, including heart disease, diabetes, and respiratory infections. Comprehensive Health Advice: Dentists can offer advice on how to maintain good oral health, which in turn can positively impact your overall well-being. 6. Personalized Dental Care Customized Advice: Dentists provide personalized advice based on your unique dental needs and health history. This includes recommendations on brushing techniques, flossing, diet, and lifestyle choices. Preventive Measures: Your dentist can suggest specific preventive measures, such as fluoride treatments or dental sealants, tailored to your needs. 7. Enhancing Your Smile Cosmetic Improvements: Regular checkups can help maintain a beautiful smile. Dentists can identify cosmetic issues and provide treatments such as whitening, veneers, or bonding to enhance your appearance. Boosting Confidence: A healthy and attractive smile boosts your confidence and self-esteem, positively impacting your social and professional life. 8. Cost Savings Preventing Expensive Treatments: Regular checkups can prevent the need for costly and extensive dental procedures by addressing issues early. Insurance Benefits: Many dental insurance plans cover preventive care, including regular checkups and cleanings, which can save you money in the long run. 9. Education and Awareness Oral Hygiene Education: Dentists and dental hygienists provide education on proper oral hygiene practices and the importance of maintaining good oral health. Raising Awareness: Regular visits raise awareness about potential dental issues and the impact of oral health on overall health. 10. Building a Relationship with Your Dentist Trust and Comfort: Regular visits help build a trusting relationship with your dentist, making you more comfortable during dental procedures and more likely to seek timely care. Comprehensive Care: A long-term relationship with your dentist ensures continuity of care, with your dentist having a thorough understanding of your dental history and needs. In conclusion, regular dental checkups are essential for maintaining good oral health, preventing dental problems, and ensuring early detection and treatment of potential issues. By scheduling routine visits to your dentist, you can enjoy a healthy, beautiful smile and overall well-being.', '\"Travels between clinics to work, as needed.\n\"', 'https://blogger.googleusercontent.com/img/b/R29vZ2xl/AVvXsEh4FsoskFnlx0WMMDX3MFnH4N-vlvzKM8LdvY9x1s-yz68xnvSokoY6BEtjAwE8o3jbETpSs1KkoCHd0wK-v5GNfKT6R-8gZnvL6ZpmPGid8-jY7zAdjpWNh8AQk0nmK1DoIPlrdyDKUCs/s1600/image.png', 1, NULL, NULL),
(4, 'Choosing the Right Toothbrush', ' Choosing the right toothbrush is essential for maintaining good oral hygiene. With so many options available, it can be challenging to know which one is best for you. Here are some factors to consider when selecting a toothbrush:  1. Bristle Type Soft Bristles: Most dental professionals recommend soft-bristled toothbrushes. They are gentle on your gums and effective at removing plaque without causing damage to the enamel or gums. Medium and Hard Bristles: Medium and hard bristles can be too abrasive, potentially leading to gum recession and enamel wear. They are generally not recommended unless specifically advised by your dentist. 2. Bristle Pattern Multilevel Bristles: Toothbrushes with multilevel bristles or angled bristles can be more effective at reaching between teeth and along the gumline. Polishing Cups and Textures: Some toothbrushes have polishing cups or textured bristles designed to help remove surface stains and polish teeth. 3. Toothbrush Head Size Small Heads: A smaller toothbrush head can reach difficult areas in your mouth, including the back teeth and along the gumline, making it more effective for thorough cleaning. Large Heads: Larger heads can cover more surface area quickly but may struggle to reach tight spaces. Choose a size that allows you to comfortably navigate your mouth. 4. Handle Design Ergonomic Handles: Look for a toothbrush with a comfortable, ergonomic handle that fits well in your hand and provides good grip and control while brushing. Non-Slip Grip: A non-slip grip can help maintain better control, especially if your toothbrush or hands are wet. 5. Manual vs. Electric Manual Toothbrush: Manual toothbrushes are effective if used with proper technique. They are generally less expensive and easier to travel with. Electric Toothbrush: Electric toothbrushes can be more effective at reducing plaque and gingivitis, especially for those who struggle with manual brushing technique. They are available in various types, including oscillating-rotating and sonic models. 6. ADA Seal of Approval ADA Seal: Look for the American Dental Association (ADA) Seal of Approval on the toothbrush packaging. This indicates that the toothbrush has been tested for safety and effectiveness. 7. Special Considerations Orthodontic Needs: If you have braces or other orthodontic appliances, consider a toothbrush specifically designed for orthodontic care, which can help clean around brackets and wires. Sensitive Teeth or Gums: For those with sensitive teeth or gums, a toothbrush with extra-soft bristles may be more comfortable and gentle. 8. Replace Regularly Every 3-4 Months: Replace your toothbrush or toothbrush head every 3-4 months, or sooner if the bristles are frayed. Worn bristles are less effective at cleaning teeth and can harbor bacteria. 9. Personal Preference Comfort and Ease of Use: Ultimately, choose a toothbrush that feels comfortable and easy to use, encouraging you to maintain consistent oral hygiene habits. 10. Recommendations from Your Dentist Professional Advice: Consult your dentist for personalized recommendations based on your specific oral health needs and conditions. They can provide guidance on the best toothbrush for you. By considering these factors, you can choose a toothbrush that effectively meets your oral hygiene needs and helps maintain a healthy smile. Regular brushing, combined with flossing and professional dental care, is key to optimal oral health.', '\"Understand why regular dental checkups are crucial for your overall health and well-being.\n\"', 'https://www.dentalnhakhoa.com/wp-content/uploads/2014/12/kham-nha-khoa-IMPLANT.jpg', 1, NULL, NULL);

-- --------------------------------------------------------

--
-- Table structure for table `password_reset_tokens`
--

CREATE TABLE `password_reset_tokens` (
  `email` varchar(255) NOT NULL,
  `token` varchar(255) NOT NULL,
  `created_at` timestamp NULL DEFAULT NULL
) ENGINE=InnoDB DEFAULT CHARSET=utf8mb4 COLLATE=utf8mb4_unicode_ci;

-- --------------------------------------------------------

--
-- Table structure for table `products`
--

CREATE TABLE `products` (
  `id` bigint(20) UNSIGNED NOT NULL,
  `name` varchar(255) NOT NULL,
  `description` varchar(255) NOT NULL,
  `price` int(10) UNSIGNED NOT NULL,
  `avg_rating` double UNSIGNED NOT NULL DEFAULT 0,
  `type_id` bigint(20) UNSIGNED NOT NULL,
  `thumbnail` varchar(255) NOT NULL,
  `status` tinyint(4) NOT NULL DEFAULT 1,
  `created_at` timestamp NULL DEFAULT NULL,
  `updated_at` timestamp NULL DEFAULT NULL
) ENGINE=InnoDB DEFAULT CHARSET=utf8mb4 COLLATE=utf8mb4_unicode_ci;

--
-- Dumping data for table `products`
--

INSERT INTO `products` (`id`, `name`, `description`, `price`, `avg_rating`, `type_id`, `thumbnail`, `status`, `created_at`, `updated_at`) VALUES
(1, 'Toothpaste', 'Toothpaste helps remove food debris and dental plaque, which can harbor bacteria that cause tooth decay and gum disease', 30, 0, 1, 'https://shop.colgate.com/_ipx/f_webp&s_1200x877/cms/29cbf6be-c5a4-4487-bef3-5508301dceef', 1, NULL, NULL),
(2, 'Toothbrush', 'A toothbrush is an oral hygiene instrument used to clean the teeth, gums, and tongue. It typically consists of a head of tightly clustered bristles mounted on a handle which facilitates the cleaning of hard-to-reach areas of the mouth', 25, 0, 2, 'https://www.colgateprofessional.com/content/dam/cp-sites/oral-care/professional2020/en-us/products/toothbrushes/colgate-360-toothbrush.png.rendition.423.245.png', 1, NULL, NULL),
(3, 'Dental Floss', 'Dental floss is a thin, soft thread or filament used to remove food particles and dental plaque from between teeth and under the gumline, areas that a toothbrush cannot easily reach. Regular use of dental floss helps maintain oral hygiene and prevent gum ', 30, 0, 2, 'https://www.emerson-dental.com/wp-content/uploads/dental-floss-920x613.jpg', 1, NULL, NULL),
(4, 'Mouthwash', 'Mouthwash, also known as an oral rinse, is a liquid product used to rinse and clean the mouth, teeth, gums, and throat. It provides various oral health benefits and can be used in addition to regular brushing and flossing', 30, 0, 2, 'https://encrypted-tbn0.gstatic.com/images?q=tbn:ANd9GcSl0cKk_xbA8-X5U5vQSoiHE5fEJ8_nEZ5ueQ&s', 1, NULL, NULL),
(5, 'Dentures', 'Dentures, also known as false teeth, are removable prosthetic devices designed to replace missing teeth and restore function and aesthetics to the mouth. They are custom-made to fit the patient\'s mouth and can help improve chewing, speech, and overall fac', 30, 0, 1, 'https://encrypted-tbn0.gstatic.com/images?q=tbn:ANd9GcSdFicr-KXd2tZVtLU3fdJh3FVZOPPGNjtotg&s', 1, NULL, NULL),
(6, 'Dental Implant', 'A dental implant is a surgical component that serves as an artificial tooth root, providing a strong foundation for fixed or removable replacement teeth. Dental implants are designed to look, feel, and function like natural teeth, offering a durable and l', 30, 0, 1, 'https://upload.wikimedia.org/wikipedia/commons/thumb/1/1d/Dental-implant-illustration.jpg/800px-Dental-implant-illustration.jpg', 1, NULL, NULL),
(7, 'Teeth Whitening Kit', 'A complete teeth whitening kit that includes whitening gel, LED light, and custom trays. The kit is designed to provide professional-level whitening results at home in just a few applications.', 30, 0, 1, 'https://m.media-amazon.com/images/I/71oceyM+cCL._AC_UF1000,1000_QL80_.jpg', 1, NULL, NULL),
(8, 'Dental Floss Picks', 'Traditional metal braces designed for aligning and straightening teeth over time. Includes brackets, archwires, and elastic bands. Suitable for both children and adults seeking to improve their dental alignment.', 30, 0, 2, 'https://cdn11.bigcommerce.com/s-2idmiil7bp/images/stencil/1280x1280/products/874/3382/00300410109608_C1N0__29053.1638484812.jpg?c=1', 1, NULL, NULL),
(9, 'Orthodontic Braces', 'A custom-fit mouthguard designed for sports and nighttime teeth grinding (bruxism). Made from high-quality, durable materials, it provides protection and comfort during use.', 30, 0, 1, 'https://www.durrettorthodontics.com/wp-content/uploads/orthodontic-braces.jpg', 1, NULL, NULL),
(10, 'Mouthguard', 'A rechargeable electric toothbrush with multiple brushing modes, including daily clean, sensitive, and gum care. It features a pressure sensor to prevent hard brushing and a timer to ensure recommended brushing time.', 30, 0, 1, 'https://i5.walmartimages.com/seo/Shock-Doctor-Sport-Gel-Max-Sports-Protective-Mouth-Guard-Black-Adult_462b77a1-62a0-43f5-9429-fb3da52622f9_1.8de80a923411fd22570461648043f596.jpeg', 1, NULL, NULL);

-- --------------------------------------------------------

--
-- Table structure for table `product_types`
--

CREATE TABLE `product_types` (
  `id` bigint(20) UNSIGNED NOT NULL,
  `name` varchar(255) NOT NULL,
  `created_at` timestamp NULL DEFAULT NULL,
  `updated_at` timestamp NULL DEFAULT NULL
) ENGINE=InnoDB DEFAULT CHARSET=utf8mb4 COLLATE=utf8mb4_unicode_ci;

--
-- Dumping data for table `product_types`
--

INSERT INTO `product_types` (`id`, `name`, `created_at`, `updated_at`) VALUES
(1, 'a', NULL, NULL),
(2, 'b', NULL, NULL);

-- --------------------------------------------------------

--
-- Table structure for table `sessions`
--

CREATE TABLE `sessions` (
  `id` varchar(255) NOT NULL,
  `user_id` bigint(20) UNSIGNED DEFAULT NULL,
  `ip_address` varchar(45) DEFAULT NULL,
  `user_agent` text DEFAULT NULL,
  `payload` longtext NOT NULL,
  `last_activity` int(11) NOT NULL
) ENGINE=InnoDB DEFAULT CHARSET=utf8mb4 COLLATE=utf8mb4_unicode_ci;

--
-- Dumping data for table `sessions`
--

INSERT INTO `sessions` (`id`, `user_id`, `ip_address`, `user_agent`, `payload`, `last_activity`) VALUES
('0cBER9GyEmYlrzVaAVWNdjc0eZ29gvgoAXY24nYe', NULL, '127.0.0.1', 'Mozilla/5.0 (Windows NT 10.0; Win64; x64) AppleWebKit/537.36 (KHTML, like Gecko) Chrome/126.0.0.0 Safari/537.36', 'YTozOntzOjY6Il90b2tlbiI7czo0MDoiYXphRTUydVcybGJxd0c4Z3JObVdSUkdHdFBOSTg0QXNZUFFhemtNYiI7czo5OiJfcHJldmlvdXMiO2E6MTp7czozOiJ1cmwiO3M6MzI6Imh0dHA6Ly8xMjcuMC4wLjE6ODAwMC9hcGkvbmV3cy8zIjt9czo2OiJfZmxhc2giO2E6Mjp7czozOiJvbGQiO2E6MDp7fXM6MzoibmV3IjthOjA6e319fQ==', 1721391402),
('0gAgrfLLAdVOMMt7KXB8DlV1UdyacizfUgSTF0PC', NULL, '127.0.0.1', 'Mozilla/5.0 (Windows NT 10.0; Win64; x64) AppleWebKit/537.36 (KHTML, like Gecko) Chrome/126.0.0.0 Safari/537.36', 'YTozOntzOjY6Il90b2tlbiI7czo0MDoiTFczMkNhMElROXBUMnk3MlM4dnN5TXdTVFg5NDR1am9aNGxSc1lLVyI7czo5OiJfcHJldmlvdXMiO2E6MTp7czozOiJ1cmwiO3M6MzI6Imh0dHA6Ly8xMjcuMC4wLjE6ODAwMC9hcGkvbmV3cy8xIjt9czo2OiJfZmxhc2giO2E6Mjp7czozOiJvbGQiO2E6MDp7fXM6MzoibmV3IjthOjA6e319fQ==', 1721391248),
('0sp6vF3oTRUlX63nHKqHrECUUG3RGiGLOMepZVOT', NULL, '127.0.0.1', 'Mozilla/5.0 (Windows NT 10.0; Win64; x64) AppleWebKit/537.36 (KHTML, like Gecko) Chrome/126.0.0.0 Safari/537.36', 'YTozOntzOjY6Il90b2tlbiI7czo0MDoiM2F1dk1tZlN4YWFKYklGTExPNmFhaGZIdjVOTjRxcU11bVY3OUtiMiI7czo5OiJfcHJldmlvdXMiO2E6MTp7czozOiJ1cmwiO3M6MzI6Imh0dHA6Ly8xMjcuMC4wLjE6ODAwMC9hcGkvbmV3cy80Ijt9czo2OiJfZmxhc2giO2E6Mjp7czozOiJvbGQiO2E6MDp7fXM6MzoibmV3IjthOjA6e319fQ==', 1721391120),
('1IuAUhuW1ZkYcb0FP0nxktABzuCd3UadNZA68ehZ', NULL, '127.0.0.1', 'Mozilla/5.0 (Windows NT 10.0; Win64; x64) AppleWebKit/537.36 (KHTML, like Gecko) Chrome/126.0.0.0 Safari/537.36', 'YTozOntzOjY6Il90b2tlbiI7czo0MDoiOXVDYUNmU0dienM3bVdPblZlWHZ5djRYZVFaUGNMRW1ZN21Rb3lmRCI7czo5OiJfcHJldmlvdXMiO2E6MTp7czozOiJ1cmwiO3M6MzA6Imh0dHA6Ly8xMjcuMC4wLjE6ODAwMC9hcGkvbmV3cyI7fXM6NjoiX2ZsYXNoIjthOjI6e3M6Mzoib2xkIjthOjA6e31zOjM6Im5ldyI7YTowOnt9fX0=', 1721389262),
('1Ogz4nODfmY5WHNCU9J8MMckiW7hDdTHv4mAOZDT', NULL, '127.0.0.1', 'Mozilla/5.0 (Windows NT 10.0; Win64; x64) AppleWebKit/537.36 (KHTML, like Gecko) Chrome/126.0.0.0 Safari/537.36', 'YTozOntzOjY6Il90b2tlbiI7czo0MDoiR01PVjB5aGJyalNldHpBVGhPZTg2S1ZxT1RBeklDQjM4OHJCaFNsNCI7czo5OiJfcHJldmlvdXMiO2E6MTp7czozOiJ1cmwiO3M6MzI6Imh0dHA6Ly8xMjcuMC4wLjE6ODAwMC9hcGkvbmV3cy8zIjt9czo2OiJfZmxhc2giO2E6Mjp7czozOiJvbGQiO2E6MDp7fXM6MzoibmV3IjthOjA6e319fQ==', 1721390939),
('2sS0jQPVheBXNgJpSBoLHxFTdvi19EBrSPViXNEQ', NULL, '127.0.0.1', 'Mozilla/5.0 (Windows NT 10.0; Win64; x64) AppleWebKit/537.36 (KHTML, like Gecko) Chrome/126.0.0.0 Safari/537.36', 'YTozOntzOjY6Il90b2tlbiI7czo0MDoiZlExNXZKdlNpSzN0Z3B3VFR5UkxsNjJHeWFVSlh2c2FSbDlZenRRTyI7czo5OiJfcHJldmlvdXMiO2E6MTp7czozOiJ1cmwiO3M6MzI6Imh0dHA6Ly8xMjcuMC4wLjE6ODAwMC9hcGkvbmV3cy8xIjt9czo2OiJfZmxhc2giO2E6Mjp7czozOiJvbGQiO2E6MDp7fXM6MzoibmV3IjthOjA6e319fQ==', 1721391148),
('2VuOiYopqEgGyDkiTQvjKaLogZDJgIE2ytPuPT3g', NULL, '127.0.0.1', 'Mozilla/5.0 (Windows NT 10.0; Win64; x64) AppleWebKit/537.36 (KHTML, like Gecko) Chrome/126.0.0.0 Safari/537.36', 'YTozOntzOjY6Il90b2tlbiI7czo0MDoiZ3JkSkZPRjdxTTRSZXgwYndlSkN6VllFZ2dIaXBKVEpUN2lXNTdTdSI7czo5OiJfcHJldmlvdXMiO2E6MTp7czozOiJ1cmwiO3M6MzI6Imh0dHA6Ly8xMjcuMC4wLjE6ODAwMC9hcGkvbmV3cy8xIjt9czo2OiJfZmxhc2giO2E6Mjp7czozOiJvbGQiO2E6MDp7fXM6MzoibmV3IjthOjA6e319fQ==', 1721390227),
('2YpDNAqqasDxDpmBoODrdRu3U3PxbpelAKrCx6lq', NULL, '127.0.0.1', 'Mozilla/5.0 (Windows NT 10.0; Win64; x64) AppleWebKit/537.36 (KHTML, like Gecko) Chrome/126.0.0.0 Safari/537.36', 'YTozOntzOjY6Il90b2tlbiI7czo0MDoicEdEYXg3cndOeDR2cHBJVHhsTDZlU2JUY0h1N01vM29BaFVlSGJ3ZCI7czo5OiJfcHJldmlvdXMiO2E6MTp7czozOiJ1cmwiO3M6MzI6Imh0dHA6Ly8xMjcuMC4wLjE6ODAwMC9hcGkvbmV3cy8zIjt9czo2OiJfZmxhc2giO2E6Mjp7czozOiJvbGQiO2E6MDp7fXM6MzoibmV3IjthOjA6e319fQ==', 1721390943),
('4kn5CW51Hw3p0Yn4VuTo8hyLKTxxNSseIOjSiyfx', NULL, '127.0.0.1', 'Mozilla/5.0 (Windows NT 10.0; Win64; x64) AppleWebKit/537.36 (KHTML, like Gecko) Chrome/126.0.0.0 Safari/537.36', 'YTozOntzOjY6Il90b2tlbiI7czo0MDoiSWROWnE3MTlRUGcyMDVRWUxtVDNiaXRTOXNlakoyVjVQNmljRTQzVyI7czo5OiJfcHJldmlvdXMiO2E6MTp7czozOiJ1cmwiO3M6MzA6Imh0dHA6Ly8xMjcuMC4wLjE6ODAwMC9hcGkvbmV3cyI7fXM6NjoiX2ZsYXNoIjthOjI6e3M6Mzoib2xkIjthOjA6e31zOjM6Im5ldyI7YTowOnt9fX0=', 1721388597),
('5ibX9lLyg2Jn1cYMvlYYvX3mI5GXuzzL8qPyfdNw', NULL, '127.0.0.1', 'Mozilla/5.0 (Windows NT 10.0; Win64; x64) AppleWebKit/537.36 (KHTML, like Gecko) Chrome/126.0.0.0 Safari/537.36', 'YTozOntzOjY6Il90b2tlbiI7czo0MDoiTUJMUDNPWUFmYnJ6N2djMUU3UVB6OEFtZWNGUWpKeFdmWkM4TmIzWCI7czo5OiJfcHJldmlvdXMiO2E6MTp7czozOiJ1cmwiO3M6MzA6Imh0dHA6Ly8xMjcuMC4wLjE6ODAwMC9hcGkvbmV3cyI7fXM6NjoiX2ZsYXNoIjthOjI6e3M6Mzoib2xkIjthOjA6e31zOjM6Im5ldyI7YTowOnt9fX0=', 1721388434),
('5k81vDmYAZ5oE05LnPES0orT9uPU2cQNaxyl3rg0', NULL, '127.0.0.1', 'Mozilla/5.0 (Windows NT 10.0; Win64; x64) AppleWebKit/537.36 (KHTML, like Gecko) Chrome/126.0.0.0 Safari/537.36', 'YTozOntzOjY6Il90b2tlbiI7czo0MDoiVGpLMW5aaVJDcUFjVnQ2azhRWENUVmxaMEV4TElvUmJMWEdreWFHTCI7czo5OiJfcHJldmlvdXMiO2E6MTp7czozOiJ1cmwiO3M6MzA6Imh0dHA6Ly8xMjcuMC4wLjE6ODAwMC9hcGkvbmV3cyI7fXM6NjoiX2ZsYXNoIjthOjI6e3M6Mzoib2xkIjthOjA6e31zOjM6Im5ldyI7YTowOnt9fX0=', 1721388374),
('5KFAIIkOznJF9F4AruQkocbOfKyB5vApR84CKuYQ', NULL, '127.0.0.1', 'Mozilla/5.0 (Windows NT 10.0; Win64; x64) AppleWebKit/537.36 (KHTML, like Gecko) Chrome/126.0.0.0 Safari/537.36', 'YTozOntzOjY6Il90b2tlbiI7czo0MDoiUWdjMTF4OWY0cmZCdDFQbmtYeVJPS2NZYXF1OEVlUUxGQllkVWxkQSI7czo5OiJfcHJldmlvdXMiO2E6MTp7czozOiJ1cmwiO3M6MzI6Imh0dHA6Ly8xMjcuMC4wLjE6ODAwMC9hcGkvbmV3cy8xIjt9czo2OiJfZmxhc2giO2E6Mjp7czozOiJvbGQiO2E6MDp7fXM6MzoibmV3IjthOjA6e319fQ==', 1721391126),
('5mj2FhUC1NVTOSQ2iPZ5cr5jBbpL3r1ZiY6c695O', NULL, '127.0.0.1', 'Mozilla/5.0 (Windows NT 10.0; Win64; x64) AppleWebKit/537.36 (KHTML, like Gecko) Chrome/126.0.0.0 Safari/537.36', 'YTozOntzOjY6Il90b2tlbiI7czo0MDoiRlJRRkVFNk9laUpQNDFVRDZBalVBdXJyT0gxWTZIZTVieGZtNjNRRSI7czo5OiJfcHJldmlvdXMiO2E6MTp7czozOiJ1cmwiO3M6MzI6Imh0dHA6Ly8xMjcuMC4wLjE6ODAwMC9hcGkvbmV3cy81Ijt9czo2OiJfZmxhc2giO2E6Mjp7czozOiJvbGQiO2E6MDp7fXM6MzoibmV3IjthOjA6e319fQ==', 1721391346),
('5RSndsWzaYzdoPXMJ5BLRs3wgitFaJ4jhNmmKfgZ', NULL, '127.0.0.1', 'Mozilla/5.0 (Windows NT 10.0; Win64; x64) AppleWebKit/537.36 (KHTML, like Gecko) Chrome/126.0.0.0 Safari/537.36', 'YTozOntzOjY6Il90b2tlbiI7czo0MDoiTkx3MUMxMEVpeXBGMUtzbGRSaXlqclRMM1RlbFNNaFE1emJzWnRNSCI7czo5OiJfcHJldmlvdXMiO2E6MTp7czozOiJ1cmwiO3M6MzI6Imh0dHA6Ly8xMjcuMC4wLjE6ODAwMC9hcGkvbmV3cy8xIjt9czo2OiJfZmxhc2giO2E6Mjp7czozOiJvbGQiO2E6MDp7fXM6MzoibmV3IjthOjA6e319fQ==', 1721391254),
('5UFSwJHuAdvPB8HUrpW2VUF4mtfqUonjHltuIZuj', NULL, '127.0.0.1', 'Mozilla/5.0 (Windows NT 10.0; Win64; x64) AppleWebKit/537.36 (KHTML, like Gecko) Chrome/126.0.0.0 Safari/537.36', 'YTozOntzOjY6Il90b2tlbiI7czo0MDoib29JVkEycnQzZGNybmRHUlNWY05mVTdXV0FiRlNkSVhWQ0xFNWlabCI7czo5OiJfcHJldmlvdXMiO2E6MTp7czozOiJ1cmwiO3M6MzA6Imh0dHA6Ly8xMjcuMC4wLjE6ODAwMC9hcGkvbmV3cyI7fXM6NjoiX2ZsYXNoIjthOjI6e3M6Mzoib2xkIjthOjA6e31zOjM6Im5ldyI7YTowOnt9fX0=', 1721390516),
('69hZjyp6o8iESJpDihaVCXot3np0QXF55QZ2VygZ', NULL, '127.0.0.1', 'Mozilla/5.0 (Windows NT 10.0; Win64; x64) AppleWebKit/537.36 (KHTML, like Gecko) Chrome/126.0.0.0 Safari/537.36', 'YTozOntzOjY6Il90b2tlbiI7czo0MDoiWEhId1dQSWhCMHhmZlYzeWtxWTJ5RXhoSEhmUWlqVUVFc0FDb2FERSI7czo5OiJfcHJldmlvdXMiO2E6MTp7czozOiJ1cmwiO3M6MzA6Imh0dHA6Ly8xMjcuMC4wLjE6ODAwMC9hcGkvbmV3cyI7fXM6NjoiX2ZsYXNoIjthOjI6e3M6Mzoib2xkIjthOjA6e31zOjM6Im5ldyI7YTowOnt9fX0=', 1721388600),
('6JTKWBlS8iJzoS2pySt9uhvP7uKOrA24RfSmeL68', NULL, '127.0.0.1', 'Mozilla/5.0 (Windows NT 10.0; Win64; x64) AppleWebKit/537.36 (KHTML, like Gecko) Chrome/126.0.0.0 Safari/537.36', 'YTozOntzOjY6Il90b2tlbiI7czo0MDoiNmZKZ2cydHpyc2c3RURKclFHWjFWdkVSQVZ6RGZuRko5cTNhaGU2WSI7czo5OiJfcHJldmlvdXMiO2E6MTp7czozOiJ1cmwiO3M6MzI6Imh0dHA6Ly8xMjcuMC4wLjE6ODAwMC9hcGkvbmV3cy8zIjt9czo2OiJfZmxhc2giO2E6Mjp7czozOiJvbGQiO2E6MDp7fXM6MzoibmV3IjthOjA6e319fQ==', 1721390972),
('6pZzbQulm8w8NsfttM4d2AykhzZnyfiQR18aLKHb', NULL, '127.0.0.1', 'Mozilla/5.0 (Windows NT 10.0; Win64; x64) AppleWebKit/537.36 (KHTML, like Gecko) Chrome/126.0.0.0 Safari/537.36', 'YTozOntzOjY6Il90b2tlbiI7czo0MDoidVZjdmREZng1RnlqNWxNS1FBRFdDYUZOWm0zbW11T0M1SVJNNlo2USI7czo5OiJfcHJldmlvdXMiO2E6MTp7czozOiJ1cmwiO3M6MzA6Imh0dHA6Ly8xMjcuMC4wLjE6ODAwMC9hcGkvbmV3cyI7fXM6NjoiX2ZsYXNoIjthOjI6e3M6Mzoib2xkIjthOjA6e31zOjM6Im5ldyI7YTowOnt9fX0=', 1721388985),
('6XjfQWhvVqCBc9uGwZxPRcDBvdrPe3rbxgksJPdy', NULL, '127.0.0.1', 'Mozilla/5.0 (Windows NT 10.0; Win64; x64) AppleWebKit/537.36 (KHTML, like Gecko) Chrome/126.0.0.0 Safari/537.36', 'YTozOntzOjY6Il90b2tlbiI7czo0MDoidjBIZ3VWUndBUzVSdllEaGRySEVJckg4OUM5eHFBYldFQklDVGlkbSI7czo5OiJfcHJldmlvdXMiO2E6MTp7czozOiJ1cmwiO3M6MzA6Imh0dHA6Ly8xMjcuMC4wLjE6ODAwMC9hcGkvbmV3cyI7fXM6NjoiX2ZsYXNoIjthOjI6e3M6Mzoib2xkIjthOjA6e31zOjM6Im5ldyI7YTowOnt9fX0=', 1721389448),
('7c4lHeJxOsS9qTj8qDZMBaAAgVfscQnyC04ZSlBt', NULL, '127.0.0.1', 'Mozilla/5.0 (Windows NT 10.0; Win64; x64) AppleWebKit/537.36 (KHTML, like Gecko) Chrome/126.0.0.0 Safari/537.36', 'YTozOntzOjY6Il90b2tlbiI7czo0MDoic01oRXRTR0lMczhrSlZhNUtFN0hyZFZ6YTJveE4xWFVUanFjcnBacCI7czo5OiJfcHJldmlvdXMiO2E6MTp7czozOiJ1cmwiO3M6MzI6Imh0dHA6Ly8xMjcuMC4wLjE6ODAwMC9hcGkvbmV3cy8xIjt9czo2OiJfZmxhc2giO2E6Mjp7czozOiJvbGQiO2E6MDp7fXM6MzoibmV3IjthOjA6e319fQ==', 1721390136),
('7GZerQORE4CfRZ4EYWLnn8yCWB3EF1QpvWp2ehj7', NULL, '127.0.0.1', 'Mozilla/5.0 (Windows NT 10.0; Win64; x64) AppleWebKit/537.36 (KHTML, like Gecko) Chrome/126.0.0.0 Safari/537.36', 'YTozOntzOjY6Il90b2tlbiI7czo0MDoiNnJwbWhNemVnalJ3TE95NGpiT0JlTHNuYjNqM1dYM2dlenQ4ajZTQiI7czo5OiJfcHJldmlvdXMiO2E6MTp7czozOiJ1cmwiO3M6MzA6Imh0dHA6Ly8xMjcuMC4wLjE6ODAwMC9hcGkvbmV3cyI7fXM6NjoiX2ZsYXNoIjthOjI6e3M6Mzoib2xkIjthOjA6e31zOjM6Im5ldyI7YTowOnt9fX0=', 1721389071),
('7mvEiNiGscMhiIDwxTxisNHcEVKOAKBXBlhhhXCR', NULL, '127.0.0.1', 'Mozilla/5.0 (Windows NT 10.0; Win64; x64) AppleWebKit/537.36 (KHTML, like Gecko) Chrome/126.0.0.0 Safari/537.36', 'YTozOntzOjY6Il90b2tlbiI7czo0MDoiRkRBcDloZ3F2bHlSZXFOTktMUjFJaFkyZWRMczlKNEtEV0VnZ1lIVCI7czo5OiJfcHJldmlvdXMiO2E6MTp7czozOiJ1cmwiO3M6MzI6Imh0dHA6Ly8xMjcuMC4wLjE6ODAwMC9hcGkvbmV3cy8zIjt9czo2OiJfZmxhc2giO2E6Mjp7czozOiJvbGQiO2E6MDp7fXM6MzoibmV3IjthOjA6e319fQ==', 1721391370),
('84c7L4mM5SAiDR7yx3hQse0nM70YfFzPKvnKFcf2', NULL, '127.0.0.1', 'Mozilla/5.0 (Windows NT 10.0; Win64; x64) AppleWebKit/537.36 (KHTML, like Gecko) Chrome/126.0.0.0 Safari/537.36', 'YTozOntzOjY6Il90b2tlbiI7czo0MDoiV3lJcmNCcjRnVkVuVjZBdXp3a3FyenB0N3ZNZ252TUs4SlJYeWIzMiI7czo5OiJfcHJldmlvdXMiO2E6MTp7czozOiJ1cmwiO3M6MzQ6Imh0dHA6Ly8xMjcuMC4wLjE6ODAwMC9hcGkvcHJvZHVjdHMiO31zOjY6Il9mbGFzaCI7YToyOntzOjM6Im9sZCI7YTowOnt9czozOiJuZXciO2E6MDp7fX19', 1721388975),
('91uLnXJTCEcN4pIarymDu315sJAb6NTsEAaeN6V1', NULL, '127.0.0.1', 'Mozilla/5.0 (Windows NT 10.0; Win64; x64) AppleWebKit/537.36 (KHTML, like Gecko) Chrome/126.0.0.0 Safari/537.36', 'YTozOntzOjY6Il90b2tlbiI7czo0MDoiWlFBUGR5YnE1ZVZSRklBa1AxYVJOZVNvRjlsZFZ5WjdQWG80VGVVcCI7czo5OiJfcHJldmlvdXMiO2E6MTp7czozOiJ1cmwiO3M6MzI6Imh0dHA6Ly8xMjcuMC4wLjE6ODAwMC9hcGkvbmV3cy80Ijt9czo2OiJfZmxhc2giO2E6Mjp7czozOiJvbGQiO2E6MDp7fXM6MzoibmV3IjthOjA6e319fQ==', 1721390372),
('9CsMmXKKXMnWfYKV2jBO1zOK3XnkdtrQS4rUk5al', NULL, '127.0.0.1', 'Mozilla/5.0 (Windows NT 10.0; Win64; x64) AppleWebKit/537.36 (KHTML, like Gecko) Chrome/126.0.0.0 Safari/537.36', 'YTozOntzOjY6Il90b2tlbiI7czo0MDoiUFowUjRlYTdCUVZVeW9yMUdiYjNGSWFETXhBS3JJN2RJNzM4MGdlbCI7czo5OiJfcHJldmlvdXMiO2E6MTp7czozOiJ1cmwiO3M6MzA6Imh0dHA6Ly8xMjcuMC4wLjE6ODAwMC9hcGkvbmV3cyI7fXM6NjoiX2ZsYXNoIjthOjI6e3M6Mzoib2xkIjthOjA6e31zOjM6Im5ldyI7YTowOnt9fX0=', 1721388771),
('9e3GYTd97usv5JKnBubhCjpph2xvujCosIyEWvEk', NULL, '127.0.0.1', 'Mozilla/5.0 (Windows NT 10.0; Win64; x64) AppleWebKit/537.36 (KHTML, like Gecko) Chrome/126.0.0.0 Safari/537.36', 'YTozOntzOjY6Il90b2tlbiI7czo0MDoieWlpQXJUM2xMeGMzeGw5SDB2c2szVGthSTI3VjRsbWRyQk0yaHFCUSI7czo5OiJfcHJldmlvdXMiO2E6MTp7czozOiJ1cmwiO3M6MzI6Imh0dHA6Ly8xMjcuMC4wLjE6ODAwMC9hcGkvbmV3cy8yIjt9czo2OiJfZmxhc2giO2E6Mjp7czozOiJvbGQiO2E6MDp7fXM6MzoibmV3IjthOjA6e319fQ==', 1721391286),
('A2vjUirgvPen30eIfyC1CyiuQOWgdFFJsifVqITJ', NULL, '127.0.0.1', 'Mozilla/5.0 (Windows NT 10.0; Win64; x64) AppleWebKit/537.36 (KHTML, like Gecko) Chrome/126.0.0.0 Safari/537.36', 'YTozOntzOjY6Il90b2tlbiI7czo0MDoiNEpMYzVQR1REaHJ5Ynhta1paNDVOWDJjWDgyVWRiQ1ZtWjRzbkhEeSI7czo5OiJfcHJldmlvdXMiO2E6MTp7czozOiJ1cmwiO3M6MzI6Imh0dHA6Ly8xMjcuMC4wLjE6ODAwMC9hcGkvbmV3cy81Ijt9czo2OiJfZmxhc2giO2E6Mjp7czozOiJvbGQiO2E6MDp7fXM6MzoibmV3IjthOjA6e319fQ==', 1721391316),
('A6X8BfS4ZjudT7cgXQcHuo1ue88geZ6X2FEcny9u', NULL, '127.0.0.1', 'Mozilla/5.0 (Windows NT 10.0; Win64; x64) AppleWebKit/537.36 (KHTML, like Gecko) Chrome/126.0.0.0 Safari/537.36', 'YTozOntzOjY6Il90b2tlbiI7czo0MDoidGRzVlRCSk85NXpYNUlTNDB1QkZ3VTF5NzdPa0J3aWZtOXAxNzJXaiI7czo5OiJfcHJldmlvdXMiO2E6MTp7czozOiJ1cmwiO3M6MzI6Imh0dHA6Ly8xMjcuMC4wLjE6ODAwMC9hcGkvbmV3cy8zIjt9czo2OiJfZmxhc2giO2E6Mjp7czozOiJvbGQiO2E6MDp7fXM6MzoibmV3IjthOjA6e319fQ==', 1721391480),
('aBvZnDqzxt01s1K1CMQXOnVmsxS0tTECv15JQQPa', NULL, '127.0.0.1', 'Mozilla/5.0 (Windows NT 10.0; Win64; x64) AppleWebKit/537.36 (KHTML, like Gecko) Chrome/126.0.0.0 Safari/537.36', 'YTozOntzOjY6Il90b2tlbiI7czo0MDoiZGRkVVJmMTlRZGRCV0pIR0JZTzU4TnJwM0RrU0JYUDgxSkxzcDBJRSI7czo5OiJfcHJldmlvdXMiO2E6MTp7czozOiJ1cmwiO3M6MzA6Imh0dHA6Ly8xMjcuMC4wLjE6ODAwMC9hcGkvbmV3cyI7fXM6NjoiX2ZsYXNoIjthOjI6e3M6Mzoib2xkIjthOjA6e31zOjM6Im5ldyI7YTowOnt9fX0=', 1721391125),
('AKP5EdFKMwKpWI5e7jH0AfkoyyMIYcKByPxGQ4Xn', NULL, '127.0.0.1', 'Mozilla/5.0 (Windows NT 10.0; Win64; x64) AppleWebKit/537.36 (KHTML, like Gecko) Chrome/126.0.0.0 Safari/537.36', 'YTozOntzOjY6Il90b2tlbiI7czo0MDoiNnppNkd4UGpPQjZwTVFvMlBJMnMxbGN4bFN0SHZjaU80THFSWVZGaiI7czo5OiJfcHJldmlvdXMiO2E6MTp7czozOiJ1cmwiO3M6MzI6Imh0dHA6Ly8xMjcuMC4wLjE6ODAwMC9hcGkvbmV3cy8zIjt9czo2OiJfZmxhc2giO2E6Mjp7czozOiJvbGQiO2E6MDp7fXM6MzoibmV3IjthOjA6e319fQ==', 1721391460),
('ap5KVM3vnr9Kv8WiBpiahmpSrDjXlghD9zIRIx3V', NULL, '127.0.0.1', 'Mozilla/5.0 (Windows NT 10.0; Win64; x64) AppleWebKit/537.36 (KHTML, like Gecko) Chrome/126.0.0.0 Safari/537.36', 'YTozOntzOjY6Il90b2tlbiI7czo0MDoiZ2ZlelF3Z2tyOURMamdQeXJjTlZzQmFPamFKaGlvSFFvMkVrdVVlRSI7czo5OiJfcHJldmlvdXMiO2E6MTp7czozOiJ1cmwiO3M6MzA6Imh0dHA6Ly8xMjcuMC4wLjE6ODAwMC9hcGkvbmV3cyI7fXM6NjoiX2ZsYXNoIjthOjI6e3M6Mzoib2xkIjthOjA6e31zOjM6Im5ldyI7YTowOnt9fX0=', 1721389263),
('apMeCFlPlvWjHFRx5LtSoGtY0ZfKhoWGadK2K8Jf', NULL, '127.0.0.1', 'Mozilla/5.0 (Windows NT 10.0; Win64; x64) AppleWebKit/537.36 (KHTML, like Gecko) Chrome/126.0.0.0 Safari/537.36', 'YTozOntzOjY6Il90b2tlbiI7czo0MDoiS2lEU1RFVHFEMDdwcGhVZVZxa01TRnE5aTJRdGVBMGtvTU41Nm9RRCI7czo5OiJfcHJldmlvdXMiO2E6MTp7czozOiJ1cmwiO3M6MzI6Imh0dHA6Ly8xMjcuMC4wLjE6ODAwMC9hcGkvbmV3cy8yIjt9czo2OiJfZmxhc2giO2E6Mjp7czozOiJvbGQiO2E6MDp7fXM6MzoibmV3IjthOjA6e319fQ==', 1721391510),
('aQCjNLGFJWUl85Za9PA5rGKk1B7R1lsOR2hstW2i', NULL, '127.0.0.1', 'Mozilla/5.0 (Windows NT 10.0; Win64; x64) AppleWebKit/537.36 (KHTML, like Gecko) Chrome/126.0.0.0 Safari/537.36', 'YTozOntzOjY6Il90b2tlbiI7czo0MDoiRkhCR1BTN09DWTlSRFNSYzQxZ0NrdmJESEticTNhUjhuZFBkbWlRVSI7czo5OiJfcHJldmlvdXMiO2E6MTp7czozOiJ1cmwiO3M6MzA6Imh0dHA6Ly8xMjcuMC4wLjE6ODAwMC9hcGkvbmV3cyI7fXM6NjoiX2ZsYXNoIjthOjI6e3M6Mzoib2xkIjthOjA6e31zOjM6Im5ldyI7YTowOnt9fX0=', 1721389253),
('aRpmw0sa5Jyyf0xok6OsHJL5BFyQH7wZv0zlCZVx', NULL, '127.0.0.1', 'Mozilla/5.0 (Windows NT 10.0; Win64; x64) AppleWebKit/537.36 (KHTML, like Gecko) Chrome/126.0.0.0 Safari/537.36', 'YTozOntzOjY6Il90b2tlbiI7czo0MDoiZ1VjVGpQRnVUV2NreTZnbFdsN2JmcTYzbUhxTzNqVGlCYjZTRU96NyI7czo5OiJfcHJldmlvdXMiO2E6MTp7czozOiJ1cmwiO3M6MzI6Imh0dHA6Ly8xMjcuMC4wLjE6ODAwMC9hcGkvbmV3cy8yIjt9czo2OiJfZmxhc2giO2E6Mjp7czozOiJvbGQiO2E6MDp7fXM6MzoibmV3IjthOjA6e319fQ==', 1721391482),
('aX96zQCwiUeaPaOISPJNgnmaOeYBdRMmEXOURsIK', NULL, '127.0.0.1', 'Mozilla/5.0 (Windows NT 10.0; Win64; x64) AppleWebKit/537.36 (KHTML, like Gecko) Chrome/126.0.0.0 Safari/537.36', 'YTozOntzOjY6Il90b2tlbiI7czo0MDoiUjVDY2lUT25pSUlwZWQyVUxnbkJ3eUJyeHU3em9kcFpzWldSeUExYiI7czo5OiJfcHJldmlvdXMiO2E6MTp7czozOiJ1cmwiO3M6MzI6Imh0dHA6Ly8xMjcuMC4wLjE6ODAwMC9hcGkvbmV3cy8zIjt9czo2OiJfZmxhc2giO2E6Mjp7czozOiJvbGQiO2E6MDp7fXM6MzoibmV3IjthOjA6e319fQ==', 1721390772),
('axZYo4LCm4CGItkcHGCDQhLyfOgbZsfN7w4FKMcX', NULL, '127.0.0.1', 'Mozilla/5.0 (Windows NT 10.0; Win64; x64) AppleWebKit/537.36 (KHTML, like Gecko) Chrome/126.0.0.0 Safari/537.36', 'YTozOntzOjY6Il90b2tlbiI7czo0MDoiQjhOQ0h0WkZ0SzM2ejRjT29nODdGRzRDUFRvT0g0OGpKQkJXQWd4RiI7czo5OiJfcHJldmlvdXMiO2E6MTp7czozOiJ1cmwiO3M6MzA6Imh0dHA6Ly8xMjcuMC4wLjE6ODAwMC9hcGkvbmV3cyI7fXM6NjoiX2ZsYXNoIjthOjI6e3M6Mzoib2xkIjthOjA6e31zOjM6Im5ldyI7YTowOnt9fX0=', 1721388444),
('ayEOXK994oSKFnGxV1UtTKAxTBfbJErU2zzOwX9v', NULL, '127.0.0.1', 'Mozilla/5.0 (Windows NT 10.0; Win64; x64) AppleWebKit/537.36 (KHTML, like Gecko) Chrome/126.0.0.0 Safari/537.36', 'YTozOntzOjY6Il90b2tlbiI7czo0MDoiNVVFN1hBRHNhcDdVNmt6cUxUZEZmdlBxeEZUUTNCYzNaVks3YUpqYyI7czo5OiJfcHJldmlvdXMiO2E6MTp7czozOiJ1cmwiO3M6MzI6Imh0dHA6Ly8xMjcuMC4wLjE6ODAwMC9hcGkvbmV3cy8xIjt9czo2OiJfZmxhc2giO2E6Mjp7czozOiJvbGQiO2E6MDp7fXM6MzoibmV3IjthOjA6e319fQ==', 1721390148),
('B71diSPVyAvk3JOMGmsbqXjEIGMYEJfM7LJAHzeG', NULL, '127.0.0.1', 'Mozilla/5.0 (Windows NT 10.0; Win64; x64) AppleWebKit/537.36 (KHTML, like Gecko) Chrome/126.0.0.0 Safari/537.36', 'YTozOntzOjY6Il90b2tlbiI7czo0MDoiZ3dITFFLOG9RZ0xUeFFzR0huQ29kZ1pGQWZFZ3dvdWZWRmJtNXgxeCI7czo5OiJfcHJldmlvdXMiO2E6MTp7czozOiJ1cmwiO3M6MzI6Imh0dHA6Ly8xMjcuMC4wLjE6ODAwMC9hcGkvbmV3cy8zIjt9czo2OiJfZmxhc2giO2E6Mjp7czozOiJvbGQiO2E6MDp7fXM6MzoibmV3IjthOjA6e319fQ==', 1721391095),
('bd5M6mbrhSOFVHHX9Soy3wUbThmMdQRSouHnjptF', NULL, '127.0.0.1', 'Mozilla/5.0 (Windows NT 10.0; Win64; x64) AppleWebKit/537.36 (KHTML, like Gecko) Chrome/126.0.0.0 Safari/537.36', 'YTozOntzOjY6Il90b2tlbiI7czo0MDoiZ1BNOWZtVURyaDVEZXNZNmdHOE04SW9GVTdXb0NEQzF0dFA4akdtWCI7czo5OiJfcHJldmlvdXMiO2E6MTp7czozOiJ1cmwiO3M6MzA6Imh0dHA6Ly8xMjcuMC4wLjE6ODAwMC9hcGkvbmV3cyI7fXM6NjoiX2ZsYXNoIjthOjI6e3M6Mzoib2xkIjthOjA6e31zOjM6Im5ldyI7YTowOnt9fX0=', 1721388455),
('bHIylp40zhT3eGzlgeKR0vXgXYnHuoo3j2v60104', NULL, '127.0.0.1', 'Mozilla/5.0 (Windows NT 10.0; Win64; x64) AppleWebKit/537.36 (KHTML, like Gecko) Chrome/126.0.0.0 Safari/537.36', 'YTozOntzOjY6Il90b2tlbiI7czo0MDoiYzJqenRGMTFKM0FjOGhobXdXUk9rVWRoVENtWnNZOGJwYmFpeHJFYSI7czo5OiJfcHJldmlvdXMiO2E6MTp7czozOiJ1cmwiO3M6MzI6Imh0dHA6Ly8xMjcuMC4wLjE6ODAwMC9hcGkvbmV3cy8zIjt9czo2OiJfZmxhc2giO2E6Mjp7czozOiJvbGQiO2E6MDp7fXM6MzoibmV3IjthOjA6e319fQ==', 1721390793),
('C1TgzSIPnHD13agHlgrCwR2B4SJeZh9omFHGCnHX', NULL, '127.0.0.1', 'Mozilla/5.0 (Windows NT 10.0; Win64; x64) AppleWebKit/537.36 (KHTML, like Gecko) Chrome/126.0.0.0 Safari/537.36', 'YTozOntzOjY6Il90b2tlbiI7czo0MDoiczR2c1dHYTBJSG9Pb2RiTjB0RHNNYlFLQzJLeGtzaXdMNGNNTFZaZCI7czo5OiJfcHJldmlvdXMiO2E6MTp7czozOiJ1cmwiO3M6MzI6Imh0dHA6Ly8xMjcuMC4wLjE6ODAwMC9hcGkvbmV3cy8zIjt9czo2OiJfZmxhc2giO2E6Mjp7czozOiJvbGQiO2E6MDp7fXM6MzoibmV3IjthOjA6e319fQ==', 1721390958),
('c65GxDAQp56jj1zfHz5dyjhyQYBUYmqbDC1yuea2', NULL, '127.0.0.1', 'Mozilla/5.0 (Windows NT 10.0; Win64; x64) AppleWebKit/537.36 (KHTML, like Gecko) Chrome/126.0.0.0 Safari/537.36', 'YTozOntzOjY6Il90b2tlbiI7czo0MDoiSTR6ZkZEWTA3V0ZzaUxtNUdsMEZXWGxLRmVaUEtmeElOT3czZ2pYWSI7czo5OiJfcHJldmlvdXMiO2E6MTp7czozOiJ1cmwiO3M6MzI6Imh0dHA6Ly8xMjcuMC4wLjE6ODAwMC9hcGkvbmV3cy81Ijt9czo2OiJfZmxhc2giO2E6Mjp7czozOiJvbGQiO2E6MDp7fXM6MzoibmV3IjthOjA6e319fQ==', 1721391308),
('Ce5KQ9N0cDBLoTV5BKo7AVDZsBVUGBIfJbx2H8IX', NULL, '127.0.0.1', 'Mozilla/5.0 (Windows NT 10.0; Win64; x64) AppleWebKit/537.36 (KHTML, like Gecko) Chrome/126.0.0.0 Safari/537.36', 'YTozOntzOjY6Il90b2tlbiI7czo0MDoia1pGc0tlRWpwajFnNmNzZFBDSnRTSTNFUlNrU0x2UXhTS2NWeFZQTiI7czo5OiJfcHJldmlvdXMiO2E6MTp7czozOiJ1cmwiO3M6MzI6Imh0dHA6Ly8xMjcuMC4wLjE6ODAwMC9hcGkvbmV3cy8zIjt9czo2OiJfZmxhc2giO2E6Mjp7czozOiJvbGQiO2E6MDp7fXM6MzoibmV3IjthOjA6e319fQ==', 1721390937),
('cr8FNCgRg1vPJm6j4Qz7Nzyyx7elmWJUo0mbVisT', NULL, '127.0.0.1', 'Mozilla/5.0 (Windows NT 10.0; Win64; x64) AppleWebKit/537.36 (KHTML, like Gecko) Chrome/126.0.0.0 Safari/537.36', 'YTozOntzOjY6Il90b2tlbiI7czo0MDoiVHdrc2NpejhNVTlXOW9BeGY1Z1VaVVdyd3k3bDRRa1Q4eWk0NFlrMyI7czo5OiJfcHJldmlvdXMiO2E6MTp7czozOiJ1cmwiO3M6MzA6Imh0dHA6Ly8xMjcuMC4wLjE6ODAwMC9hcGkvbmV3cyI7fXM6NjoiX2ZsYXNoIjthOjI6e3M6Mzoib2xkIjthOjA6e31zOjM6Im5ldyI7YTowOnt9fX0=', 1721389065),
('cYfn0cghqPIxoSsd9wFUNutCY5AoDHYcLabY941W', NULL, '127.0.0.1', 'Mozilla/5.0 (Windows NT 10.0; Win64; x64) AppleWebKit/537.36 (KHTML, like Gecko) Chrome/126.0.0.0 Safari/537.36', 'YTozOntzOjY6Il90b2tlbiI7czo0MDoiTWxZUjZ5SWhOS1VTSEx6N1c0eDJuRUs4cldBUVB0ZWp0UzNITXltNiI7czo5OiJfcHJldmlvdXMiO2E6MTp7czozOiJ1cmwiO3M6MzI6Imh0dHA6Ly8xMjcuMC4wLjE6ODAwMC9hcGkvbmV3cy8zIjt9czo2OiJfZmxhc2giO2E6Mjp7czozOiJvbGQiO2E6MDp7fXM6MzoibmV3IjthOjA6e319fQ==', 1721390932),
('dc3epVGEMGQieYhodvlmEUI99ARiu6jNCcga0Om8', NULL, '127.0.0.1', 'Mozilla/5.0 (Windows NT 10.0; Win64; x64) AppleWebKit/537.36 (KHTML, like Gecko) Chrome/126.0.0.0 Safari/537.36', 'YTozOntzOjY6Il90b2tlbiI7czo0MDoiMVNZUU1hcjZjdW56SzZDclNsRDl6YWJPekxKdTFoYzlUY1RqN1RTaSI7czo5OiJfcHJldmlvdXMiO2E6MTp7czozOiJ1cmwiO3M6MzI6Imh0dHA6Ly8xMjcuMC4wLjE6ODAwMC9hcGkvbmV3cy80Ijt9czo2OiJfZmxhc2giO2E6Mjp7czozOiJvbGQiO2E6MDp7fXM6MzoibmV3IjthOjA6e319fQ==', 1721391268),
('Drqs640fo9lT0xMmRJbuneu1iO9I5lJRqPzOpOCh', NULL, '127.0.0.1', 'Mozilla/5.0 (Windows NT 10.0; Win64; x64) AppleWebKit/537.36 (KHTML, like Gecko) Chrome/126.0.0.0 Safari/537.36', 'YTozOntzOjY6Il90b2tlbiI7czo0MDoicVNyWGd6Rk1VSUZlRUZhWmlJWkk2ak9NaG9hUmhRZDVsTFFmQXNIVSI7czo5OiJfcHJldmlvdXMiO2E6MTp7czozOiJ1cmwiO3M6MzQ6Imh0dHA6Ly8xMjcuMC4wLjE6ODAwMC9hcGkvbmV3cy9hYmMiO31zOjY6Il9mbGFzaCI7YToyOntzOjM6Im9sZCI7YTowOnt9czozOiJuZXciO2E6MDp7fX19', 1721390102),
('E7uqE9sAijTVb416AvToVDLmCwRLiWiAYhJIEHQQ', NULL, '127.0.0.1', 'Mozilla/5.0 (Windows NT 10.0; Win64; x64) AppleWebKit/537.36 (KHTML, like Gecko) Chrome/126.0.0.0 Safari/537.36', 'YTozOntzOjY6Il90b2tlbiI7czo0MDoiUzJ3a3F1NVVtajBvSXhrQTBIU0hYbmVSNE1sMlBhbVZUVGdBalJVQyI7czo5OiJfcHJldmlvdXMiO2E6MTp7czozOiJ1cmwiO3M6MzA6Imh0dHA6Ly8xMjcuMC4wLjE6ODAwMC9hcGkvbmV3cyI7fXM6NjoiX2ZsYXNoIjthOjI6e3M6Mzoib2xkIjthOjA6e31zOjM6Im5ldyI7YTowOnt9fX0=', 1721389201),
('ehRzKSoWoXE9AP9TsFHHSOxelJCCCOKcX596KFKK', NULL, '127.0.0.1', 'Mozilla/5.0 (Windows NT 10.0; Win64; x64) AppleWebKit/537.36 (KHTML, like Gecko) Chrome/126.0.0.0 Safari/537.36', 'YTozOntzOjY6Il90b2tlbiI7czo0MDoiQnNQRklmQnJsTnFKalcxWTkwV0hueU5pblNNOERQYVpMMFdRYXRqVyI7czo5OiJfcHJldmlvdXMiO2E6MTp7czozOiJ1cmwiO3M6MzI6Imh0dHA6Ly8xMjcuMC4wLjE6ODAwMC9hcGkvbmV3cy8zIjt9czo2OiJfZmxhc2giO2E6Mjp7czozOiJvbGQiO2E6MDp7fXM6MzoibmV3IjthOjA6e319fQ==', 1721390517),
('EQAqi2VqBz4n6dI10zlBvli0McOgQC9NstuKkMqa', NULL, '127.0.0.1', 'Mozilla/5.0 (Windows NT 10.0; Win64; x64) AppleWebKit/537.36 (KHTML, like Gecko) Chrome/126.0.0.0 Safari/537.36', 'YTozOntzOjY6Il90b2tlbiI7czo0MDoiZEl3amdZY1RjN1lDTVptQUpUeHN4TW1oeGZ4Y3NNZExZVktlT3g2TyI7czo5OiJfcHJldmlvdXMiO2E6MTp7czozOiJ1cmwiO3M6MzQ6Imh0dHA6Ly8xMjcuMC4wLjE6ODAwMC9hcGkvcHJvZHVjdHMiO31zOjY6Il9mbGFzaCI7YToyOntzOjM6Im9sZCI7YTowOnt9czozOiJuZXciO2E6MDp7fX19', 1721392670),
('EqcF2DThvPICAyb4TjVEnxIIkZS7ImHWtVT3X32q', NULL, '127.0.0.1', 'Mozilla/5.0 (Windows NT 10.0; Win64; x64) AppleWebKit/537.36 (KHTML, like Gecko) Chrome/126.0.0.0 Safari/537.36', 'YTozOntzOjY6Il90b2tlbiI7czo0MDoiY0drUjdvZ0lvRGNIaXdUdnB5T2hWT2wwaEtaMlpUT1d2TEZXR0IzVCI7czo5OiJfcHJldmlvdXMiO2E6MTp7czozOiJ1cmwiO3M6MzA6Imh0dHA6Ly8xMjcuMC4wLjE6ODAwMC9hcGkvbmV3cyI7fXM6NjoiX2ZsYXNoIjthOjI6e3M6Mzoib2xkIjthOjA6e31zOjM6Im5ldyI7YTowOnt9fX0=', 1721389274),
('Fd5kDxsENiT3cWQPPA5viYkHJXxWnpTLHSygafQm', NULL, '127.0.0.1', 'Mozilla/5.0 (Windows NT 10.0; Win64; x64) AppleWebKit/537.36 (KHTML, like Gecko) Chrome/126.0.0.0 Safari/537.36', 'YTozOntzOjY6Il90b2tlbiI7czo0MDoiS0FGWFI1a09tN0tVQlVxMDNqV3VqQVVBSno5UUlON1U1eVhCNkJkeSI7czo5OiJfcHJldmlvdXMiO2E6MTp7czozOiJ1cmwiO3M6MzA6Imh0dHA6Ly8xMjcuMC4wLjE6ODAwMC9hcGkvbmV3cyI7fXM6NjoiX2ZsYXNoIjthOjI6e3M6Mzoib2xkIjthOjA6e31zOjM6Im5ldyI7YTowOnt9fX0=', 1721389159),
('FEetXQ66u2XDVInLcEsDbYxSYPLUsFD5tcNLHtAu', NULL, '127.0.0.1', 'Mozilla/5.0 (Windows NT 10.0; Win64; x64) AppleWebKit/537.36 (KHTML, like Gecko) Chrome/126.0.0.0 Safari/537.36', 'YTozOntzOjY6Il90b2tlbiI7czo0MDoialp0ZFN2d2tTbmNvM0gzWlJMS3ZlU2FBVEFzeXRvYlo3aWZtWEtBRCI7czo5OiJfcHJldmlvdXMiO2E6MTp7czozOiJ1cmwiO3M6MzA6Imh0dHA6Ly8xMjcuMC4wLjE6ODAwMC9hcGkvbmV3cyI7fXM6NjoiX2ZsYXNoIjthOjI6e3M6Mzoib2xkIjthOjA6e31zOjM6Im5ldyI7YTowOnt9fX0=', 1721388781),
('fEqaNb2Jpbk1RmOIAUw7mYAwm6CbV8bzpxQJrs1K', NULL, '127.0.0.1', 'Mozilla/5.0 (Windows NT 10.0; Win64; x64) AppleWebKit/537.36 (KHTML, like Gecko) Chrome/126.0.0.0 Safari/537.36', 'YTozOntzOjY6Il90b2tlbiI7czo0MDoiT2Y4WDdHYU1oS09Kc3dabk13aUoxeG1lYjJKaTl3UmlTSFc1SGxEVSI7czo5OiJfcHJldmlvdXMiO2E6MTp7czozOiJ1cmwiO3M6MzA6Imh0dHA6Ly8xMjcuMC4wLjE6ODAwMC9hcGkvbmV3cyI7fXM6NjoiX2ZsYXNoIjthOjI6e3M6Mzoib2xkIjthOjA6e31zOjM6Im5ldyI7YTowOnt9fX0=', 1721389016),
('FFOz4Z9HxusrVYFN8t1zpN1tV19oP9FTI6TYBxdI', NULL, '127.0.0.1', 'Mozilla/5.0 (Windows NT 10.0; Win64; x64) AppleWebKit/537.36 (KHTML, like Gecko) Chrome/126.0.0.0 Safari/537.36', 'YTozOntzOjY6Il90b2tlbiI7czo0MDoiU0FzN1lLTlVyZlNFc2JqMmRyeXhVUUFsd1VNR3JsWDh5SnJ2MnBOSyI7czo5OiJfcHJldmlvdXMiO2E6MTp7czozOiJ1cmwiO3M6MzA6Imh0dHA6Ly8xMjcuMC4wLjE6ODAwMC9hcGkvbmV3cyI7fXM6NjoiX2ZsYXNoIjthOjI6e3M6Mzoib2xkIjthOjA6e31zOjM6Im5ldyI7YTowOnt9fX0=', 1721391278),
('FQNvlwhmyh84bTJvn2qtwDOJufWNXxVsOmpwuTMk', NULL, '127.0.0.1', 'Mozilla/5.0 (Windows NT 10.0; Win64; x64) AppleWebKit/537.36 (KHTML, like Gecko) Chrome/126.0.0.0 Safari/537.36', 'YTozOntzOjY6Il90b2tlbiI7czo0MDoib25LeGxIdlJHSHhqWmYxTHVXbzNlZmozaWlPQlBkNndvVmtieDRzOCI7czo5OiJfcHJldmlvdXMiO2E6MTp7czozOiJ1cmwiO3M6MzI6Imh0dHA6Ly8xMjcuMC4wLjE6ODAwMC9hcGkvbmV3cy8zIjt9czo2OiJfZmxhc2giO2E6Mjp7czozOiJvbGQiO2E6MDp7fXM6MzoibmV3IjthOjA6e319fQ==', 1721391089),
('fsCIUIaqPxeDT7J752ZkwlzQELohBy6rRGncB0PK', NULL, '127.0.0.1', 'Mozilla/5.0 (Windows NT 10.0; Win64; x64) AppleWebKit/537.36 (KHTML, like Gecko) Chrome/126.0.0.0 Safari/537.36', 'YTozOntzOjY6Il90b2tlbiI7czo0MDoiT0pESk5ENGZ2OE5odEZhSnhoUUFrcGpTUkZKUFdsemFlRHpEMDRkMiI7czo5OiJfcHJldmlvdXMiO2E6MTp7czozOiJ1cmwiO3M6MzI6Imh0dHA6Ly8xMjcuMC4wLjE6ODAwMC9hcGkvbmV3cy8xIjt9czo2OiJfZmxhc2giO2E6Mjp7czozOiJvbGQiO2E6MDp7fXM6MzoibmV3IjthOjA6e319fQ==', 1721391235),
('FtdapYTyNvlD4p5Tu9kYW1fgLI7CE32shlSVOnZv', NULL, '127.0.0.1', 'Mozilla/5.0 (Windows NT 10.0; Win64; x64) AppleWebKit/537.36 (KHTML, like Gecko) Chrome/126.0.0.0 Safari/537.36', 'YTozOntzOjY6Il90b2tlbiI7czo0MDoiTXZYdFNiekozZmJabUFNdDZvNU5VNHVEM054TjF1eGxDS3NleUhqdCI7czo5OiJfcHJldmlvdXMiO2E6MTp7czozOiJ1cmwiO3M6MzI6Imh0dHA6Ly8xMjcuMC4wLjE6ODAwMC9hcGkvbmV3cy8zIjt9czo2OiJfZmxhc2giO2E6Mjp7czozOiJvbGQiO2E6MDp7fXM6MzoibmV3IjthOjA6e319fQ==', 1721390899),
('fwZMjd3R9f6o1TpW7TiEpJMA3D6LTARAwAnQTdeW', NULL, '127.0.0.1', 'Mozilla/5.0 (Windows NT 10.0; Win64; x64) AppleWebKit/537.36 (KHTML, like Gecko) Chrome/126.0.0.0 Safari/537.36', 'YTozOntzOjY6Il90b2tlbiI7czo0MDoiTWs5MTF3UG1JWVRkYlhaeExPMFJQZGk4UnV0bG9xcDc3VDZDdDZYQiI7czo5OiJfcHJldmlvdXMiO2E6MTp7czozOiJ1cmwiO3M6MzA6Imh0dHA6Ly8xMjcuMC4wLjE6ODAwMC9hcGkvbmV3cyI7fXM6NjoiX2ZsYXNoIjthOjI6e3M6Mzoib2xkIjthOjA6e31zOjM6Im5ldyI7YTowOnt9fX0=', 1721389247),
('fxeXtoz4UJf16OiBZyBAVUEoUdlQm6CoLHpJykag', NULL, '127.0.0.1', 'Mozilla/5.0 (Windows NT 10.0; Win64; x64) AppleWebKit/537.36 (KHTML, like Gecko) Chrome/126.0.0.0 Safari/537.36', 'YTozOntzOjY6Il90b2tlbiI7czo0MDoiS2w2MlJVc3ZUWURhbnRZUEpxZkszZ0dRRXZNMThBajFMRDFrdTJpQyI7czo5OiJfcHJldmlvdXMiO2E6MTp7czozOiJ1cmwiO3M6MzA6Imh0dHA6Ly8xMjcuMC4wLjE6ODAwMC9hcGkvbmV3cyI7fXM6NjoiX2ZsYXNoIjthOjI6e3M6Mzoib2xkIjthOjA6e31zOjM6Im5ldyI7YTowOnt9fX0=', 1721388388),
('g0HRAVJlTQUHS0y6LdGuKg7niP19jhqj0CKXAHKM', NULL, '127.0.0.1', 'Mozilla/5.0 (Windows NT 10.0; Win64; x64) AppleWebKit/537.36 (KHTML, like Gecko) Chrome/126.0.0.0 Safari/537.36', 'YTozOntzOjY6Il90b2tlbiI7czo0MDoiYUE4TGt0Z3Q1Z1d1cnJHcERvRnZReFVEdkVrZEpuRWlUYjRYYk5mRSI7czo5OiJfcHJldmlvdXMiO2E6MTp7czozOiJ1cmwiO3M6MzI6Imh0dHA6Ly8xMjcuMC4wLjE6ODAwMC9hcGkvbmV3cy8zIjt9czo2OiJfZmxhc2giO2E6Mjp7czozOiJvbGQiO2E6MDp7fXM6MzoibmV3IjthOjA6e319fQ==', 1721391462),
('GAiiaKbVnuaDfwLmUt5iST23PKJz0dCyWyXp76xy', NULL, '127.0.0.1', 'Mozilla/5.0 (Windows NT 10.0; Win64; x64) AppleWebKit/537.36 (KHTML, like Gecko) Chrome/126.0.0.0 Safari/537.36', 'YTozOntzOjY6Il90b2tlbiI7czo0MDoiejNkZG4ydzZRdlgwNDR6dWRMT3o4eVJFNWJLcE5zNHQydDE5NzY4SiI7czo5OiJfcHJldmlvdXMiO2E6MTp7czozOiJ1cmwiO3M6MzI6Imh0dHA6Ly8xMjcuMC4wLjE6ODAwMC9hcGkvbmV3cy8zIjt9czo2OiJfZmxhc2giO2E6Mjp7czozOiJvbGQiO2E6MDp7fXM6MzoibmV3IjthOjA6e319fQ==', 1721391090),
('Gdg5FvpPb1UjQjV020mMqH4edvLLYpshy6mv0YAt', NULL, '127.0.0.1', 'Mozilla/5.0 (Windows NT 10.0; Win64; x64) AppleWebKit/537.36 (KHTML, like Gecko) Chrome/126.0.0.0 Safari/537.36', 'YTozOntzOjY6Il90b2tlbiI7czo0MDoiRDkzRnRWM2Q1UFB0NW43aVdVbjNDbkk4YjRHMEV1UVZNMVF4bHRyWiI7czo5OiJfcHJldmlvdXMiO2E6MTp7czozOiJ1cmwiO3M6MzI6Imh0dHA6Ly8xMjcuMC4wLjE6ODAwMC9hcGkvbmV3cy8zIjt9czo2OiJfZmxhc2giO2E6Mjp7czozOiJvbGQiO2E6MDp7fXM6MzoibmV3IjthOjA6e319fQ==', 1721390848),
('GDod5yOB0Qx8k9XLyAKGKOpsd8ZwpFeFgFlO5Fzb', NULL, '127.0.0.1', 'Mozilla/5.0 (Windows NT 10.0; Win64; x64) AppleWebKit/537.36 (KHTML, like Gecko) Chrome/126.0.0.0 Safari/537.36', 'YTozOntzOjY6Il90b2tlbiI7czo0MDoiOG9wQTJobFh3emNvQm11b1BsbXRrcUN2cUdFakpjWHVsdEtGQWlqMSI7czo5OiJfcHJldmlvdXMiO2E6MTp7czozOiJ1cmwiO3M6MzI6Imh0dHA6Ly8xMjcuMC4wLjE6ODAwMC9hcGkvbmV3cy81Ijt9czo2OiJfZmxhc2giO2E6Mjp7czozOiJvbGQiO2E6MDp7fXM6MzoibmV3IjthOjA6e319fQ==', 1721391348),
('GGh3fh7M8eQmqb8mRiR1wjyXxhuvfeS76Gk6qh26', NULL, '127.0.0.1', 'Mozilla/5.0 (Windows NT 10.0; Win64; x64) AppleWebKit/537.36 (KHTML, like Gecko) Chrome/126.0.0.0 Safari/537.36', 'YTozOntzOjY6Il90b2tlbiI7czo0MDoiUEd4Y1RWVFk5bU5CbWJYWExPMEtWa3kxOVEyNXQ2T3ljampNMGxjMCI7czo5OiJfcHJldmlvdXMiO2E6MTp7czozOiJ1cmwiO3M6MzI6Imh0dHA6Ly8xMjcuMC4wLjE6ODAwMC9hcGkvbmV3cy81Ijt9czo2OiJfZmxhc2giO2E6Mjp7czozOiJvbGQiO2E6MDp7fXM6MzoibmV3IjthOjA6e319fQ==', 1721391309),
('GZUABq3iJlZSL5lgP5V6O7Wjrq6bRM4galYFn6gu', NULL, '127.0.0.1', 'Mozilla/5.0 (Windows NT 10.0; Win64; x64) AppleWebKit/537.36 (KHTML, like Gecko) Chrome/126.0.0.0 Safari/537.36', 'YTozOntzOjY6Il90b2tlbiI7czo0MDoiWWl3U3ZhMmZ1aGplc2VpWGpjcVNEYjRlSzlhaXJOQ2dPRDNNY3BCQiI7czo5OiJfcHJldmlvdXMiO2E6MTp7czozOiJ1cmwiO3M6MzI6Imh0dHA6Ly8xMjcuMC4wLjE6ODAwMC9hcGkvbmV3cy8zIjt9czo2OiJfZmxhc2giO2E6Mjp7czozOiJvbGQiO2E6MDp7fXM6MzoibmV3IjthOjA6e319fQ==', 1721390536),
('hT4Qr6tFPfV5dz8pCIjsEb0oetvrxjBWuXP8TGnr', NULL, '127.0.0.1', 'Mozilla/5.0 (Windows NT 10.0; Win64; x64) AppleWebKit/537.36 (KHTML, like Gecko) Chrome/126.0.0.0 Safari/537.36', 'YTozOntzOjY6Il90b2tlbiI7czo0MDoiQXNzdnh6M1ozTkF3bXFZZHltc0RSVkh1UkdwR05LMmw5TGpjbWNXdiI7czo5OiJfcHJldmlvdXMiO2E6MTp7czozOiJ1cmwiO3M6MzI6Imh0dHA6Ly8xMjcuMC4wLjE6ODAwMC9hcGkvbmV3cy8xIjt9czo2OiJfZmxhc2giO2E6Mjp7czozOiJvbGQiO2E6MDp7fXM6MzoibmV3IjthOjA6e319fQ==', 1721391271),
('iJqjtQIulB6dKTdc6Z0wgr1RWzfSve8o4oYePNB6', NULL, '127.0.0.1', 'Mozilla/5.0 (Windows NT 10.0; Win64; x64) AppleWebKit/537.36 (KHTML, like Gecko) Chrome/126.0.0.0 Safari/537.36', 'YTozOntzOjY6Il90b2tlbiI7czo0MDoiRFZrSHRhZ3hlR3dIRXRZbm5tdnJFTnpjRlU5cjhzdTJnNlhiU3A2byI7czo5OiJfcHJldmlvdXMiO2E6MTp7czozOiJ1cmwiO3M6MzI6Imh0dHA6Ly8xMjcuMC4wLjE6ODAwMC9hcGkvbmV3cy8xIjt9czo2OiJfZmxhc2giO2E6Mjp7czozOiJvbGQiO2E6MDp7fXM6MzoibmV3IjthOjA6e319fQ==', 1721390118),
('iR0FEs37FrwY0NqyS8TXuiuKTjTwTWwU2OWP1jxN', NULL, '127.0.0.1', 'Mozilla/5.0 (Windows NT 10.0; Win64; x64) AppleWebKit/537.36 (KHTML, like Gecko) Chrome/126.0.0.0 Safari/537.36', 'YTozOntzOjY6Il90b2tlbiI7czo0MDoiOTNWWG4ySlNJVkVlRWJLY0RmQnFDREtJUndrOFpGTVhOYkxzNnVIdyI7czo5OiJfcHJldmlvdXMiO2E6MTp7czozOiJ1cmwiO3M6MzA6Imh0dHA6Ly8xMjcuMC4wLjE6ODAwMC9hcGkvbmV3cyI7fXM6NjoiX2ZsYXNoIjthOjI6e3M6Mzoib2xkIjthOjA6e31zOjM6Im5ldyI7YTowOnt9fX0=', 1721389597),
('Iv5KbBghftKF9Y7nxxRpGz3sVZApw4oVCzSfZsD5', NULL, '127.0.0.1', 'Mozilla/5.0 (Windows NT 10.0; Win64; x64) AppleWebKit/537.36 (KHTML, like Gecko) Chrome/126.0.0.0 Safari/537.36', 'YTozOntzOjY6Il90b2tlbiI7czo0MDoiUzZVWlg4R2lIS2ZtUWY3bW0wWThoc2Vha3ZIMWNVQ0dSU3NxUnEzRCI7czo5OiJfcHJldmlvdXMiO2E6MTp7czozOiJ1cmwiO3M6MzA6Imh0dHA6Ly8xMjcuMC4wLjE6ODAwMC9hcGkvbmV3cyI7fXM6NjoiX2ZsYXNoIjthOjI6e3M6Mzoib2xkIjthOjA6e31zOjM6Im5ldyI7YTowOnt9fX0=', 1721389266),
('Ivw9s17g34gxHYr9BfTyKpvc97aNMuSpNJdgmZ7L', NULL, '127.0.0.1', 'Mozilla/5.0 (Windows NT 10.0; Win64; x64) AppleWebKit/537.36 (KHTML, like Gecko) Chrome/126.0.0.0 Safari/537.36', 'YTozOntzOjY6Il90b2tlbiI7czo0MDoiOTh6WmNPcGxQcllZQWREZ0ZsZ3h6eUdZQk0xaTR0SERMWDd1cjZDbCI7czo5OiJfcHJldmlvdXMiO2E6MTp7czozOiJ1cmwiO3M6MzA6Imh0dHA6Ly8xMjcuMC4wLjE6ODAwMC9hcGkvbmV3cyI7fXM6NjoiX2ZsYXNoIjthOjI6e3M6Mzoib2xkIjthOjA6e31zOjM6Im5ldyI7YTowOnt9fX0=', 1721391478),
('IYp4f1XkGSRZLLqrelRu3BvL7xnqs1wSjeadHEtg', NULL, '127.0.0.1', 'Mozilla/5.0 (Windows NT 10.0; Win64; x64) AppleWebKit/537.36 (KHTML, like Gecko) Chrome/126.0.0.0 Safari/537.36', 'YTozOntzOjY6Il90b2tlbiI7czo0MDoiR1VVVVhETUpyRXRVZTljNlc0Um10eEU0b3RYb3FqSlpZcGdTbTR3NSI7czo5OiJfcHJldmlvdXMiO2E6MTp7czozOiJ1cmwiO3M6MzI6Imh0dHA6Ly8xMjcuMC4wLjE6ODAwMC9hcGkvbmV3cy8zIjt9czo2OiJfZmxhc2giO2E6Mjp7czozOiJvbGQiO2E6MDp7fXM6MzoibmV3IjthOjA6e319fQ==', 1721390697),
('J2XDpWpMla3Z1eLOiGjNdvFeG2wWpUqUWd9ghDZQ', NULL, '127.0.0.1', 'Mozilla/5.0 (Windows NT 10.0; Win64; x64) AppleWebKit/537.36 (KHTML, like Gecko) Chrome/126.0.0.0 Safari/537.36', 'YTozOntzOjY6Il90b2tlbiI7czo0MDoiM09qcmZlWXdKSElWazlqbURmT1ZSbDJFMXdWVGNpZ01YelY2d1lsciI7czo5OiJfcHJldmlvdXMiO2E6MTp7czozOiJ1cmwiO3M6MzI6Imh0dHA6Ly8xMjcuMC4wLjE6ODAwMC9hcGkvbmV3cy8zIjt9czo2OiJfZmxhc2giO2E6Mjp7czozOiJvbGQiO2E6MDp7fXM6MzoibmV3IjthOjA6e319fQ==', 1721390916),
('j6Pe2kCmiH5fqUFTWsdvO6mkOuNfDDbg4rSouVfV', NULL, '127.0.0.1', 'Mozilla/5.0 (Windows NT 10.0; Win64; x64) AppleWebKit/537.36 (KHTML, like Gecko) Chrome/126.0.0.0 Safari/537.36', 'YTozOntzOjY6Il90b2tlbiI7czo0MDoibzM5bHNnYVdYNXNHNFlFSzRvZlpLbUsxU1NIb3ZBUmczc01WMzJsWSI7czo5OiJfcHJldmlvdXMiO2E6MTp7czozOiJ1cmwiO3M6MzI6Imh0dHA6Ly8xMjcuMC4wLjE6ODAwMC9hcGkvbmV3cy8zIjt9czo2OiJfZmxhc2giO2E6Mjp7czozOiJvbGQiO2E6MDp7fXM6MzoibmV3IjthOjA6e319fQ==', 1721390600),
('jCaTZSznHVbkRG21RETeFXLsdesEGqCPbtm2aunG', NULL, '127.0.0.1', 'Mozilla/5.0 (Windows NT 10.0; Win64; x64) AppleWebKit/537.36 (KHTML, like Gecko) Chrome/126.0.0.0 Safari/537.36', 'YTozOntzOjY6Il90b2tlbiI7czo0MDoia0JGTWlKZVVYdjVCVlJTeDQyaVpubUZiREE2YUtQb1BqRkFsN0RBOSI7czo5OiJfcHJldmlvdXMiO2E6MTp7czozOiJ1cmwiO3M6MzI6Imh0dHA6Ly8xMjcuMC4wLjE6ODAwMC9hcGkvbmV3cy8zIjt9czo2OiJfZmxhc2giO2E6Mjp7czozOiJvbGQiO2E6MDp7fXM6MzoibmV3IjthOjA6e319fQ==', 1721391276),
('jdfNuYIzeW5LbKXDNCIgKlx6UmaRK7KdHx3rQtCX', NULL, '127.0.0.1', 'Mozilla/5.0 (Windows NT 10.0; Win64; x64) AppleWebKit/537.36 (KHTML, like Gecko) Chrome/126.0.0.0 Safari/537.36', 'YTozOntzOjY6Il90b2tlbiI7czo0MDoiWnlHa3JaTnZYdjBSVTZZZE5uSTJLVHZvMDN4eHFGTExaMURVWXRXSyI7czo5OiJfcHJldmlvdXMiO2E6MTp7czozOiJ1cmwiO3M6MzI6Imh0dHA6Ly8xMjcuMC4wLjE6ODAwMC9hcGkvbmV3cy8zIjt9czo2OiJfZmxhc2giO2E6Mjp7czozOiJvbGQiO2E6MDp7fXM6MzoibmV3IjthOjA6e319fQ==', 1721390791),
('jfseSRh8rxt0O1VOOdhExEJjdEBGY0tgG5aSgLXz', NULL, '127.0.0.1', 'Mozilla/5.0 (Windows NT 10.0; Win64; x64) AppleWebKit/537.36 (KHTML, like Gecko) Chrome/126.0.0.0 Safari/537.36', 'YTozOntzOjY6Il90b2tlbiI7czo0MDoiVGRrdHBVSEoyd1JhdWV5MjJoN2MzcHRmOUg1UlFwazdadUUzMG82NCI7czo5OiJfcHJldmlvdXMiO2E6MTp7czozOiJ1cmwiO3M6MzI6Imh0dHA6Ly8xMjcuMC4wLjE6ODAwMC9hcGkvbmV3cy8zIjt9czo2OiJfZmxhc2giO2E6Mjp7czozOiJvbGQiO2E6MDp7fXM6MzoibmV3IjthOjA6e319fQ==', 1721390780),
('JipaPZZhVjuifSo0FcBq7IwwOdqQSnSc5jaNUE4U', NULL, '127.0.0.1', 'Mozilla/5.0 (Windows NT 10.0; Win64; x64) AppleWebKit/537.36 (KHTML, like Gecko) Chrome/126.0.0.0 Safari/537.36', 'YTozOntzOjY6Il90b2tlbiI7czo0MDoiUm9WY0FNVklrOE5MVEhMTXdtZWtuWDcyVlFTT1I4NDAyQk9lNFoybSI7czo5OiJfcHJldmlvdXMiO2E6MTp7czozOiJ1cmwiO3M6MzI6Imh0dHA6Ly8xMjcuMC4wLjE6ODAwMC9hcGkvbmV3cy8zIjt9czo2OiJfZmxhc2giO2E6Mjp7czozOiJvbGQiO2E6MDp7fXM6MzoibmV3IjthOjA6e319fQ==', 1721390651),
('JlVO8Herg4MQWkUhgugZ25j2XfIszkJ7Qw9lFteB', NULL, '127.0.0.1', 'Mozilla/5.0 (Windows NT 10.0; Win64; x64) AppleWebKit/537.36 (KHTML, like Gecko) Chrome/126.0.0.0 Safari/537.36', 'YTozOntzOjY6Il90b2tlbiI7czo0MDoiZnBFTnloQjVheXc4a0hJT2w2TTgyeGozVkczQ2FSQkVxemsyQXRoUiI7czo5OiJfcHJldmlvdXMiO2E6MTp7czozOiJ1cmwiO3M6MzA6Imh0dHA6Ly8xMjcuMC4wLjE6ODAwMC9hcGkvbmV3cyI7fXM6NjoiX2ZsYXNoIjthOjI6e3M6Mzoib2xkIjthOjA6e31zOjM6Im5ldyI7YTowOnt9fX0=', 1721389242),
('jX3d9GoEc8UUun0gLt5LxPWOtuE46ZM5aQAqPME4', NULL, '127.0.0.1', 'Mozilla/5.0 (Windows NT 10.0; Win64; x64) AppleWebKit/537.36 (KHTML, like Gecko) Chrome/126.0.0.0 Safari/537.36', 'YTozOntzOjY6Il90b2tlbiI7czo0MDoiSUtDTjZXRGs0c0RhQXM5aHN6bDZBN0JQUUdlTXN1bXBWY1g1VnFleSI7czo5OiJfcHJldmlvdXMiO2E6MTp7czozOiJ1cmwiO3M6MzA6Imh0dHA6Ly8xMjcuMC4wLjE6ODAwMC9hcGkvbmV3cyI7fXM6NjoiX2ZsYXNoIjthOjI6e3M6Mzoib2xkIjthOjA6e31zOjM6Im5ldyI7YTowOnt9fX0=', 1721389157),
('jXXSgTvfXTUNbpTR31JR5nhwPIJZdfzBxIwvnL3w', NULL, '127.0.0.1', 'Mozilla/5.0 (Windows NT 10.0; Win64; x64) AppleWebKit/537.36 (KHTML, like Gecko) Chrome/126.0.0.0 Safari/537.36', 'YTozOntzOjY6Il90b2tlbiI7czo0MDoiTDhPRldYVk9lSk5mMHBXNkZLM3hvNWNnQms4UUMzM1U0dDR1ZjZ4NCI7czo5OiJfcHJldmlvdXMiO2E6MTp7czozOiJ1cmwiO3M6MzI6Imh0dHA6Ly8xMjcuMC4wLjE6ODAwMC9hcGkvbmV3cy8zIjt9czo2OiJfZmxhc2giO2E6Mjp7czozOiJvbGQiO2E6MDp7fXM6MzoibmV3IjthOjA6e319fQ==', 1721390945),
('ka8kNzUj3hRJzOJDzI59UyieC1TqhJLSdbwJapTK', NULL, '127.0.0.1', 'Mozilla/5.0 (Windows NT 10.0; Win64; x64) AppleWebKit/537.36 (KHTML, like Gecko) Chrome/126.0.0.0 Safari/537.36', 'YTozOntzOjY6Il90b2tlbiI7czo0MDoiZ3hFTGpMWE9ycGtzVE5XQlo0c3BRNmZHS1NkYldkVUVReTFYYW9UdiI7czo5OiJfcHJldmlvdXMiO2E6MTp7czozOiJ1cmwiO3M6MzA6Imh0dHA6Ly8xMjcuMC4wLjE6ODAwMC9hcGkvbmV3cyI7fXM6NjoiX2ZsYXNoIjthOjI6e3M6Mzoib2xkIjthOjA6e31zOjM6Im5ldyI7YTowOnt9fX0=', 1721389027),
('kAhY3dHmZehZdJ03zSnOZOc3JDrf4SYb0TNVJu2j', NULL, '127.0.0.1', 'Mozilla/5.0 (Windows NT 10.0; Win64; x64) AppleWebKit/537.36 (KHTML, like Gecko) Chrome/126.0.0.0 Safari/537.36', 'YTozOntzOjY6Il90b2tlbiI7czo0MDoiYVM2MjhPU3FlSk9KYUZ5cUNBSjd3dUJyendNWVVrN2hHS1Q4QzN5aiI7czo5OiJfcHJldmlvdXMiO2E6MTp7czozOiJ1cmwiO3M6MzA6Imh0dHA6Ly8xMjcuMC4wLjE6ODAwMC9hcGkvbmV3cyI7fXM6NjoiX2ZsYXNoIjthOjI6e3M6Mzoib2xkIjthOjA6e31zOjM6Im5ldyI7YTowOnt9fX0=', 1721389269),
('kNlJkjnwz2e6or7vHnIH16ZC2ziv82kFIQ52tvNW', NULL, '127.0.0.1', 'Mozilla/5.0 (Windows NT 10.0; Win64; x64) AppleWebKit/537.36 (KHTML, like Gecko) Chrome/126.0.0.0 Safari/537.36', 'YTozOntzOjY6Il90b2tlbiI7czo0MDoidHRHME1OY2wyd0JraXRLT2o4clQzaEVvNHpyZmhFWEwzanZrVmlIbSI7czo5OiJfcHJldmlvdXMiO2E6MTp7czozOiJ1cmwiO3M6MzI6Imh0dHA6Ly8xMjcuMC4wLjE6ODAwMC9hcGkvbmV3cy8zIjt9czo2OiJfZmxhc2giO2E6Mjp7czozOiJvbGQiO2E6MDp7fXM6MzoibmV3IjthOjA6e319fQ==', 1721390612),
('kpgMc7asOduFhuKD3JAqLMSPdcncC0i3sWptDAHD', NULL, '127.0.0.1', 'Mozilla/5.0 (Windows NT 10.0; Win64; x64) AppleWebKit/537.36 (KHTML, like Gecko) Chrome/126.0.0.0 Safari/537.36', 'YTozOntzOjY6Il90b2tlbiI7czo0MDoiTjJNUUVHSURZRWN2ME1rNXJLbktlZGxsOTVhTHR0ZGlLRXU0N2VOTyI7czo5OiJfcHJldmlvdXMiO2E6MTp7czozOiJ1cmwiO3M6MzI6Imh0dHA6Ly8xMjcuMC4wLjE6ODAwMC9hcGkvbmV3cy8zIjt9czo2OiJfZmxhc2giO2E6Mjp7czozOiJvbGQiO2E6MDp7fXM6MzoibmV3IjthOjA6e319fQ==', 1721390841),
('kR9hdIwKRuhDiFmP7vjXoznWjPXumYSlCwYIECjC', NULL, '127.0.0.1', 'Mozilla/5.0 (Windows NT 10.0; Win64; x64) AppleWebKit/537.36 (KHTML, like Gecko) Chrome/126.0.0.0 Safari/537.36', 'YTozOntzOjY6Il90b2tlbiI7czo0MDoib29oRDJLd2w3VGNYaTJveEIxM0o1S09QcG9HdzY5ZFJzdGN4c0pBcCI7czo5OiJfcHJldmlvdXMiO2E6MTp7czozOiJ1cmwiO3M6MzI6Imh0dHA6Ly8xMjcuMC4wLjE6ODAwMC9hcGkvbmV3cy8zIjt9czo2OiJfZmxhc2giO2E6Mjp7czozOiJvbGQiO2E6MDp7fXM6MzoibmV3IjthOjA6e319fQ==', 1721391113),
('kvuDEfVMXkHzfhG3mvP3x99WtFmx1WG5xNBlcEvo', NULL, '127.0.0.1', 'Mozilla/5.0 (Windows NT 10.0; Win64; x64) AppleWebKit/537.36 (KHTML, like Gecko) Chrome/126.0.0.0 Safari/537.36', 'YTozOntzOjY6Il90b2tlbiI7czo0MDoiVjVIMXRwVXh0R2k4eGVEcEQ1cFpITnJBbGFnbnlyajFIWUc1S1liQyI7czo5OiJfcHJldmlvdXMiO2E6MTp7czozOiJ1cmwiO3M6MzI6Imh0dHA6Ly8xMjcuMC4wLjE6ODAwMC9hcGkvbmV3cy81Ijt9czo2OiJfZmxhc2giO2E6Mjp7czozOiJvbGQiO2E6MDp7fXM6MzoibmV3IjthOjA6e319fQ==', 1721391366),
('KWDJ2I0mh9kns2nk9iFmOzEGTte3hQQocqjQjJvB', NULL, '127.0.0.1', 'Mozilla/5.0 (Windows NT 10.0; Win64; x64) AppleWebKit/537.36 (KHTML, like Gecko) Chrome/126.0.0.0 Safari/537.36', 'YTozOntzOjY6Il90b2tlbiI7czo0MDoiVEJZYlJyTjhtSzI2RXAzY25SY29CTUJOcEs5Vkw3clJuTGdZbkJvMSI7czo5OiJfcHJldmlvdXMiO2E6MTp7czozOiJ1cmwiO3M6MzI6Imh0dHA6Ly8xMjcuMC4wLjE6ODAwMC9hcGkvbmV3cy81Ijt9czo2OiJfZmxhc2giO2E6Mjp7czozOiJvbGQiO2E6MDp7fXM6MzoibmV3IjthOjA6e319fQ==', 1721391323),
('kwYseWsqudOfjX0aaWLBaqXv82JFjlZAk6QmXdUL', NULL, '127.0.0.1', 'Mozilla/5.0 (Windows NT 10.0; Win64; x64) AppleWebKit/537.36 (KHTML, like Gecko) Chrome/126.0.0.0 Safari/537.36', 'YTozOntzOjY6Il90b2tlbiI7czo0MDoiQzdoTkhIOURYclZsT3hzUDh2QU9TekJSRWl5OGp0aGFIcFI2VGY1bCI7czo5OiJfcHJldmlvdXMiO2E6MTp7czozOiJ1cmwiO3M6MzI6Imh0dHA6Ly8xMjcuMC4wLjE6ODAwMC9hcGkvbmV3cy8yIjt9czo2OiJfZmxhc2giO2E6Mjp7czozOiJvbGQiO2E6MDp7fXM6MzoibmV3IjthOjA6e319fQ==', 1721391259),
('L40MlxOleeFEf1jUBTk1WAXnUNwqlByeZQ9WI8a3', NULL, '127.0.0.1', 'Mozilla/5.0 (Windows NT 10.0; Win64; x64) AppleWebKit/537.36 (KHTML, like Gecko) Chrome/126.0.0.0 Safari/537.36', 'YTozOntzOjY6Il90b2tlbiI7czo0MDoiN2ZqdWNhUk5pSDdHb2duRkRpdW1CQ1lDZFc1UWFwTnVXeGF1bHU1RiI7czo5OiJfcHJldmlvdXMiO2E6MTp7czozOiJ1cmwiO3M6MzI6Imh0dHA6Ly8xMjcuMC4wLjE6ODAwMC9hcGkvbmV3cy8zIjt9czo2OiJfZmxhc2giO2E6Mjp7czozOiJvbGQiO2E6MDp7fXM6MzoibmV3IjthOjA6e319fQ==', 1721390892),
('lF7rZVdmSiuvsVgavtQZ3BF9Cix23xnJLHMFIAKM', NULL, '127.0.0.1', 'Mozilla/5.0 (Windows NT 10.0; Win64; x64) AppleWebKit/537.36 (KHTML, like Gecko) Chrome/126.0.0.0 Safari/537.36', 'YTozOntzOjY6Il90b2tlbiI7czo0MDoidEJUN1ZaeGtRMDQ2STNjUHcwR0VweDBSRzNBOEZmb08zV1JZU2hVNCI7czo5OiJfcHJldmlvdXMiO2E6MTp7czozOiJ1cmwiO3M6MzI6Imh0dHA6Ly8xMjcuMC4wLjE6ODAwMC9hcGkvbmV3cy8zIjt9czo2OiJfZmxhc2giO2E6Mjp7czozOiJvbGQiO2E6MDp7fXM6MzoibmV3IjthOjA6e319fQ==', 1721390628),
('lLBMIgk2PozDR6cg7C5vWQXIblgNUNEoQMjd7xom', NULL, '127.0.0.1', 'Mozilla/5.0 (Windows NT 10.0; Win64; x64) AppleWebKit/537.36 (KHTML, like Gecko) Chrome/126.0.0.0 Safari/537.36', 'YTozOntzOjY6Il90b2tlbiI7czo0MDoiSXFKUjZqb2YzUWpHSXRucldSMFVSZDBiTjNFcVdOWjd4ZDdNQVAzTCI7czo5OiJfcHJldmlvdXMiO2E6MTp7czozOiJ1cmwiO3M6MzA6Imh0dHA6Ly8xMjcuMC4wLjE6ODAwMC9hcGkvbmV3cyI7fXM6NjoiX2ZsYXNoIjthOjI6e3M6Mzoib2xkIjthOjA6e31zOjM6Im5ldyI7YTowOnt9fX0=', 1721388560),
('m8OFlXLxjxqOvckFPQVWwAvYKVOwjpMBFeugdGJC', NULL, '127.0.0.1', 'Mozilla/5.0 (Windows NT 10.0; Win64; x64) AppleWebKit/537.36 (KHTML, like Gecko) Chrome/126.0.0.0 Safari/537.36', 'YTozOntzOjY6Il90b2tlbiI7czo0MDoiZ29KM2F3eldtNXgwNnBWc0R5R0g3Q0d3OElyRUI4V1EwejZrYzdXRCI7czo5OiJfcHJldmlvdXMiO2E6MTp7czozOiJ1cmwiO3M6MzQ6Imh0dHA6Ly8xMjcuMC4wLjE6ODAwMC9hcGkvcHJvZHVjdHMiO31zOjY6Il9mbGFzaCI7YToyOntzOjM6Im9sZCI7YTowOnt9czozOiJuZXciO2E6MDp7fX19', 1721389160),
('Ma4fyLTDPPIY0DZvARkhJlgy4f3WRHUyHJ29n94m', NULL, '127.0.0.1', 'Mozilla/5.0 (Windows NT 10.0; Win64; x64) AppleWebKit/537.36 (KHTML, like Gecko) Chrome/126.0.0.0 Safari/537.36', 'YTozOntzOjY6Il90b2tlbiI7czo0MDoibVVHdVR0b053ZnhiUURKVGhYUjVpaG5uWVJUV0FKRlplQUVyY29qZiI7czo5OiJfcHJldmlvdXMiO2E6MTp7czozOiJ1cmwiO3M6MzA6Imh0dHA6Ly8xMjcuMC4wLjE6ODAwMC9hcGkvbmV3cyI7fXM6NjoiX2ZsYXNoIjthOjI6e3M6Mzoib2xkIjthOjA6e31zOjM6Im5ldyI7YTowOnt9fX0=', 1721391369),
('mAh9KqoatOnzlRkbvgGEoak08NG4pwaR24tLyUUg', NULL, '127.0.0.1', 'Mozilla/5.0 (Windows NT 10.0; Win64; x64) AppleWebKit/537.36 (KHTML, like Gecko) Chrome/126.0.0.0 Safari/537.36', 'YTozOntzOjY6Il90b2tlbiI7czo0MDoieUV5NWR6cm5MWVFHMml3dDNmaTZlQkVsQUZhRUNPR2VCUXBnTUpvUSI7czo5OiJfcHJldmlvdXMiO2E6MTp7czozOiJ1cmwiO3M6MzA6Imh0dHA6Ly8xMjcuMC4wLjE6ODAwMC9hcGkvbmV3cyI7fXM6NjoiX2ZsYXNoIjthOjI6e3M6Mzoib2xkIjthOjA6e31zOjM6Im5ldyI7YTowOnt9fX0=', 1721388562),
('mNfcj2ndbt4olsqst1h88bjVAZzcvMPmgtdju5EL', NULL, '127.0.0.1', 'Mozilla/5.0 (Windows NT 10.0; Win64; x64) AppleWebKit/537.36 (KHTML, like Gecko) Chrome/126.0.0.0 Safari/537.36', 'YTozOntzOjY6Il90b2tlbiI7czo0MDoiN1hPVTJxTEswQ2k2YjI0R2VxQjRtR3lHSDFZREpwdnpkWmozcm12MyI7czo5OiJfcHJldmlvdXMiO2E6MTp7czozOiJ1cmwiO3M6MzA6Imh0dHA6Ly8xMjcuMC4wLjE6ODAwMC9hcGkvbmV3cyI7fXM6NjoiX2ZsYXNoIjthOjI6e3M6Mzoib2xkIjthOjA6e31zOjM6Im5ldyI7YTowOnt9fX0=', 1721389445),
('MudGzCt9D4RGjBQAMftz3BlHb4F9DYt5VA2kZpko', NULL, '127.0.0.1', 'Mozilla/5.0 (Windows NT 10.0; Win64; x64) AppleWebKit/537.36 (KHTML, like Gecko) Chrome/126.0.0.0 Safari/537.36', 'YTozOntzOjY6Il90b2tlbiI7czo0MDoiZWR0TGt2UUhjeUlVbWVCQWpYeXlyTmExQnZxMVpxRGJJbWRBUGRrQiI7czo5OiJfcHJldmlvdXMiO2E6MTp7czozOiJ1cmwiO3M6MzI6Imh0dHA6Ly8xMjcuMC4wLjE6ODAwMC9hcGkvbmV3cy8zIjt9czo2OiJfZmxhc2giO2E6Mjp7czozOiJvbGQiO2E6MDp7fXM6MzoibmV3IjthOjA6e319fQ==', 1721391424),
('MWaK8CpeQ3WTTvNnLsSa2S1lryvmHzoh9DxyE35j', NULL, '127.0.0.1', 'Mozilla/5.0 (Windows NT 10.0; Win64; x64) AppleWebKit/537.36 (KHTML, like Gecko) Chrome/126.0.0.0 Safari/537.36', 'YTozOntzOjY6Il90b2tlbiI7czo0MDoib3NWVmRJRHl3dTVTb3RBaE9TNlpmdEV6MktNRHFpdEtycmpZWDFwcSI7czo5OiJfcHJldmlvdXMiO2E6MTp7czozOiJ1cmwiO3M6MzI6Imh0dHA6Ly8xMjcuMC4wLjE6ODAwMC9hcGkvbmV3cy8zIjt9czo2OiJfZmxhc2giO2E6Mjp7czozOiJvbGQiO2E6MDp7fXM6MzoibmV3IjthOjA6e319fQ==', 1721390663),
('My51821FKVe4btmCntFpMfWw62lEF1OPX48AKHSy', NULL, '127.0.0.1', 'Mozilla/5.0 (Windows NT 10.0; Win64; x64) AppleWebKit/537.36 (KHTML, like Gecko) Chrome/126.0.0.0 Safari/537.36', 'YTozOntzOjY6Il90b2tlbiI7czo0MDoiaUx3R0RnalE4N2NUbEhIa0RNR1lQVU1nMTM5dzdlTWwxTHNjM0tnOSI7czo5OiJfcHJldmlvdXMiO2E6MTp7czozOiJ1cmwiO3M6MzA6Imh0dHA6Ly8xMjcuMC4wLjE6ODAwMC9hcGkvbmV3cyI7fXM6NjoiX2ZsYXNoIjthOjI6e3M6Mzoib2xkIjthOjA6e31zOjM6Im5ldyI7YTowOnt9fX0=', 1721389199),
('n2mP86hgdJkiLc5oCb5TquUPOYxfI8wzNIZQrOKn', NULL, '127.0.0.1', 'Mozilla/5.0 (Windows NT 10.0; Win64; x64) AppleWebKit/537.36 (KHTML, like Gecko) Chrome/126.0.0.0 Safari/537.36', 'YTozOntzOjY6Il90b2tlbiI7czo0MDoicTdnRjhyMmpGdGVYaGdYTndyWnhmMWhWRW44VVNLNHdGVmR4bUo0VyI7czo5OiJfcHJldmlvdXMiO2E6MTp7czozOiJ1cmwiO3M6MzA6Imh0dHA6Ly8xMjcuMC4wLjE6ODAwMC9hcGkvbmV3cyI7fXM6NjoiX2ZsYXNoIjthOjI6e3M6Mzoib2xkIjthOjA6e31zOjM6Im5ldyI7YTowOnt9fX0=', 1721391522),
('N3gqYpsDwxEpAPVMSKIGxKlEldiMVKF8iXMPPTpM', NULL, '127.0.0.1', 'Mozilla/5.0 (Windows NT 10.0; Win64; x64) AppleWebKit/537.36 (KHTML, like Gecko) Chrome/126.0.0.0 Safari/537.36', 'YTozOntzOjY6Il90b2tlbiI7czo0MDoiVzR0c3lUa0Iwa0VrWEQ3ZVJiRFRFV2tIR2FIZ1B4bkZxWE40SWQydyI7czo5OiJfcHJldmlvdXMiO2E6MTp7czozOiJ1cmwiO3M6MzA6Imh0dHA6Ly8xMjcuMC4wLjE6ODAwMC9hcGkvbmV3cyI7fXM6NjoiX2ZsYXNoIjthOjI6e3M6Mzoib2xkIjthOjA6e31zOjM6Im5ldyI7YTowOnt9fX0=', 1721388610),
('nj6rdy2tY9gQv5SESLLzyia5wBKuMW2bouHmUTWK', NULL, '127.0.0.1', 'Mozilla/5.0 (Windows NT 10.0; Win64; x64) AppleWebKit/537.36 (KHTML, like Gecko) Chrome/126.0.0.0 Safari/537.36', 'YTozOntzOjY6Il90b2tlbiI7czo0MDoialVZM2JZd3R2TUJCdkJvaGd6VW12dzdMY241YUt2YjlKbDV4cGF3YiI7czo5OiJfcHJldmlvdXMiO2E6MTp7czozOiJ1cmwiO3M6MzI6Imh0dHA6Ly8xMjcuMC4wLjE6ODAwMC9hcGkvbmV3cy8zIjt9czo2OiJfZmxhc2giO2E6Mjp7czozOiJvbGQiO2E6MDp7fXM6MzoibmV3IjthOjA6e319fQ==', 1721390703),
('Nmhm12KiShlwTQGcgzvHUzS5yjz18v9Jj9TtSlu0', NULL, '127.0.0.1', 'Mozilla/5.0 (Windows NT 10.0; Win64; x64) AppleWebKit/537.36 (KHTML, like Gecko) Chrome/126.0.0.0 Safari/537.36', 'YTozOntzOjY6Il90b2tlbiI7czo0MDoibDZwMlpBaEhQYmg5QmJJSmVwQzBVM3BEYVMzZjN3NGFhQVF3RDU1WSI7czo5OiJfcHJldmlvdXMiO2E6MTp7czozOiJ1cmwiO3M6MzA6Imh0dHA6Ly8xMjcuMC4wLjE6ODAwMC9hcGkvbmV3cyI7fXM6NjoiX2ZsYXNoIjthOjI6e3M6Mzoib2xkIjthOjA6e31zOjM6Im5ldyI7YTowOnt9fX0=', 1721391119),
('nQnjSxpa2JHYf8S5bLOt5hDpqFxot5ONBGsAujsV', NULL, '127.0.0.1', 'Mozilla/5.0 (Windows NT 10.0; Win64; x64) AppleWebKit/537.36 (KHTML, like Gecko) Chrome/126.0.0.0 Safari/537.36', 'YTozOntzOjY6Il90b2tlbiI7czo0MDoiQlBZQWJ3V1pQQThRTEp1MXFpelBKb0gzMEJ5ak5UYUZDZWVqNENDMSI7czo5OiJfcHJldmlvdXMiO2E6MTp7czozOiJ1cmwiO3M6MzI6Imh0dHA6Ly8xMjcuMC4wLjE6ODAwMC9hcGkvbmV3cy8xIjt9czo2OiJfZmxhc2giO2E6Mjp7czozOiJvbGQiO2E6MDp7fXM6MzoibmV3IjthOjA6e319fQ==', 1721390212),
('nr3sZflD12VhgCn9ud02QWEDnWv0IReWtfKxDF4r', NULL, '127.0.0.1', 'Mozilla/5.0 (Windows NT 10.0; Win64; x64) AppleWebKit/537.36 (KHTML, like Gecko) Chrome/126.0.0.0 Safari/537.36', 'YTozOntzOjY6Il90b2tlbiI7czo0MDoiOE80UHZHbmV1djFkbHZuSXJGMlFWZzY2cXZvMTdOUXQ4SGFRWmVYTyI7czo5OiJfcHJldmlvdXMiO2E6MTp7czozOiJ1cmwiO3M6MzQ6Imh0dHA6Ly8xMjcuMC4wLjE6ODAwMC9hcGkvbmV3cy9hYmMiO31zOjY6Il9mbGFzaCI7YToyOntzOjM6Im9sZCI7YTowOnt9czozOiJuZXciO2E6MDp7fX19', 1721390103),
('nycR4UpIzqwXBmgLsxE4MI2xgmBcHEdFYeJ4KCKO', NULL, '127.0.0.1', 'Mozilla/5.0 (Windows NT 10.0; Win64; x64) AppleWebKit/537.36 (KHTML, like Gecko) Chrome/126.0.0.0 Safari/537.36', 'YTozOntzOjY6Il90b2tlbiI7czo0MDoibVhqS1FyZERVSTZwd1BOSzVXSEd2Vjk5Q0phd1IxUm1xTmxlQ2lRTCI7czo5OiJfcHJldmlvdXMiO2E6MTp7czozOiJ1cmwiO3M6MzQ6Imh0dHA6Ly8xMjcuMC4wLjE6ODAwMC9hcGkvcHJvZHVjdHMiO31zOjY6Il9mbGFzaCI7YToyOntzOjM6Im9sZCI7YTowOnt9czozOiJuZXciO2E6MDp7fX19', 1721390437),
('oGnd7zn9AjeuI5a81z9jNxo8Q952jB98mcECIYuU', NULL, '127.0.0.1', 'Mozilla/5.0 (Windows NT 10.0; Win64; x64) AppleWebKit/537.36 (KHTML, like Gecko) Chrome/126.0.0.0 Safari/537.36', 'YTozOntzOjY6Il90b2tlbiI7czo0MDoiUDhsNWNLbWNxZXJKU0puQjZJWjBmU3ZKOEhjdnZXa1NrWkdlVnlIRiI7czo5OiJfcHJldmlvdXMiO2E6MTp7czozOiJ1cmwiO3M6MzI6Imh0dHA6Ly8xMjcuMC4wLjE6ODAwMC9hcGkvbmV3cy8zIjt9czo2OiJfZmxhc2giO2E6Mjp7czozOiJvbGQiO2E6MDp7fXM6MzoibmV3IjthOjA6e319fQ==', 1721391082),
('OmX6pyOhTiqtfKj1wsdJtrs0vGRvnC7he0ztfngL', NULL, '127.0.0.1', 'Mozilla/5.0 (Windows NT 10.0; Win64; x64) AppleWebKit/537.36 (KHTML, like Gecko) Chrome/126.0.0.0 Safari/537.36', 'YTozOntzOjY6Il90b2tlbiI7czo0MDoibk1pdGlpZkdNcTdBT1BJVlIydkxteUpCNUpiM05YWGJxaEVrV0tpVyI7czo5OiJfcHJldmlvdXMiO2E6MTp7czozOiJ1cmwiO3M6MzA6Imh0dHA6Ly8xMjcuMC4wLjE6ODAwMC9hcGkvbmV3cyI7fXM6NjoiX2ZsYXNoIjthOjI6e3M6Mzoib2xkIjthOjA6e31zOjM6Im5ldyI7YTowOnt9fX0=', 1721388565),
('On3mNYMHJVtndWxOmcJXh59CBCKl4zwvGorAqez5', NULL, '127.0.0.1', 'Mozilla/5.0 (Windows NT 10.0; Win64; x64) AppleWebKit/537.36 (KHTML, like Gecko) Chrome/126.0.0.0 Safari/537.36', 'YTozOntzOjY6Il90b2tlbiI7czo0MDoiWExsMjM0Ukl3aFlKamNNOWRIZVRrbkpkZjI0dEV2MlJ2b1FxTWxaYSI7czo5OiJfcHJldmlvdXMiO2E6MTp7czozOiJ1cmwiO3M6MzQ6Imh0dHA6Ly8xMjcuMC4wLjE6ODAwMC9hcGkvcHJvZHVjdHMiO31zOjY6Il9mbGFzaCI7YToyOntzOjM6Im9sZCI7YTowOnt9czozOiJuZXciO2E6MDp7fX19', 1721389596),
('OYEhi4Wc3s2e1wRag6CP6Mso5BL1J6Q3rfoeC1Pv', NULL, '127.0.0.1', 'Mozilla/5.0 (Windows NT 10.0; Win64; x64) AppleWebKit/537.36 (KHTML, like Gecko) Chrome/126.0.0.0 Safari/537.36', 'YTozOntzOjY6Il90b2tlbiI7czo0MDoiblNXWHRJcFR3ZUMxSTVSTjNMOGxhWGQxaXFKRTRhYjJxSGk4ajVJWCI7czo5OiJfcHJldmlvdXMiO2E6MTp7czozOiJ1cmwiO3M6MzA6Imh0dHA6Ly8xMjcuMC4wLjE6ODAwMC9hcGkvbmV3cyI7fXM6NjoiX2ZsYXNoIjthOjI6e3M6Mzoib2xkIjthOjA6e31zOjM6Im5ldyI7YTowOnt9fX0=', 1721388865),
('Oyu0quZnLXXzF5YEiOmzCNI8JI1Y0Yuuml5TJIRn', NULL, '127.0.0.1', 'Mozilla/5.0 (Windows NT 10.0; Win64; x64) AppleWebKit/537.36 (KHTML, like Gecko) Chrome/126.0.0.0 Safari/537.36', 'YTozOntzOjY6Il90b2tlbiI7czo0MDoiQnNJZXpKZmJBc2pKNHN4cURER0swcWJGekdlU3BTQzRRWWxWa3NlRyI7czo5OiJfcHJldmlvdXMiO2E6MTp7czozOiJ1cmwiO3M6MzI6Imh0dHA6Ly8xMjcuMC4wLjE6ODAwMC9hcGkvbmV3cy8xIjt9czo2OiJfZmxhc2giO2E6Mjp7czozOiJvbGQiO2E6MDp7fXM6MzoibmV3IjthOjA6e319fQ==', 1721390169);
INSERT INTO `sessions` (`id`, `user_id`, `ip_address`, `user_agent`, `payload`, `last_activity`) VALUES
('p5Kunc5sQArOQIdJtPU1roNoxLRMg9c1PmmS4XLO', NULL, '127.0.0.1', 'Mozilla/5.0 (Windows NT 10.0; Win64; x64) AppleWebKit/537.36 (KHTML, like Gecko) Chrome/126.0.0.0 Safari/537.36', 'YTozOntzOjY6Il90b2tlbiI7czo0MDoiOVBzdXdYVkhSVnAyVWVPbWlGRVJJcU51cWU0cjFLNjhhbDE1U0NPdyI7czo5OiJfcHJldmlvdXMiO2E6MTp7czozOiJ1cmwiO3M6MzQ6Imh0dHA6Ly8xMjcuMC4wLjE6ODAwMC9hcGkvcHJvZHVjdHMiO31zOjY6Il9mbGFzaCI7YToyOntzOjM6Im9sZCI7YTowOnt9czozOiJuZXciO2E6MDp7fX19', 1721390361),
('PI7JI4KfiFI2MkCH82mDPrrz8TYyOsS7pBrI5EFQ', NULL, '127.0.0.1', 'Mozilla/5.0 (Windows NT 10.0; Win64; x64) AppleWebKit/537.36 (KHTML, like Gecko) Chrome/126.0.0.0 Safari/537.36', 'YTozOntzOjY6Il90b2tlbiI7czo0MDoiY2picVRCZ09FOHFUaENoYmd0ajdvRUtWVDlTTXpCUWxjdVhyR1V0MSI7czo5OiJfcHJldmlvdXMiO2E6MTp7czozOiJ1cmwiO3M6MzA6Imh0dHA6Ly8xMjcuMC4wLjE6ODAwMC9hcGkvbmV3cyI7fXM6NjoiX2ZsYXNoIjthOjI6e3M6Mzoib2xkIjthOjA6e31zOjM6Im5ldyI7YTowOnt9fX0=', 1721388981),
('ptIqlLNjYIWBh2bI6q5ijeIdwsGjxCgTsAIxWRyp', NULL, '127.0.0.1', 'Mozilla/5.0 (Windows NT 10.0; Win64; x64) AppleWebKit/537.36 (KHTML, like Gecko) Chrome/126.0.0.0 Safari/537.36', 'YTozOntzOjY6Il90b2tlbiI7czo0MDoiRVI0eHRka25BSTRONkpxNHo3TE13R3NvNm4yQjlaM2Vta09jN1lBSSI7czo5OiJfcHJldmlvdXMiO2E6MTp7czozOiJ1cmwiO3M6MzI6Imh0dHA6Ly8xMjcuMC4wLjE6ODAwMC9hcGkvbmV3cy8zIjt9czo2OiJfZmxhc2giO2E6Mjp7czozOiJvbGQiO2E6MDp7fXM6MzoibmV3IjthOjA6e319fQ==', 1721390700),
('pTLUdPqfEwWrRsLfOT5ak4ISHb4c1KecdpAaP69l', NULL, '127.0.0.1', 'Mozilla/5.0 (Windows NT 10.0; Win64; x64) AppleWebKit/537.36 (KHTML, like Gecko) Chrome/126.0.0.0 Safari/537.36', 'YTozOntzOjY6Il90b2tlbiI7czo0MDoiSkMzb25NMTRzQUxuTWRLQ0c1SHNQNlR1eXlCSnJTRmZpM3VjalpGZSI7czo5OiJfcHJldmlvdXMiO2E6MTp7czozOiJ1cmwiO3M6MzI6Imh0dHA6Ly8xMjcuMC4wLjE6ODAwMC9hcGkvbmV3cy8zIjt9czo2OiJfZmxhc2giO2E6Mjp7czozOiJvbGQiO2E6MDp7fXM6MzoibmV3IjthOjA6e319fQ==', 1721390914),
('QB2WBk9RF0eicm3ZLy0Mo4MTAO8kppvAqZubTE3m', NULL, '127.0.0.1', 'Mozilla/5.0 (Windows NT 10.0; Win64; x64) AppleWebKit/537.36 (KHTML, like Gecko) Chrome/126.0.0.0 Safari/537.36', 'YTozOntzOjY6Il90b2tlbiI7czo0MDoiU1R4VlhOQ1B0UGRvYUJlN1E2TE1MMUZsOUtudklEc0RkdFdoc2Y2SSI7czo5OiJfcHJldmlvdXMiO2E6MTp7czozOiJ1cmwiO3M6MzI6Imh0dHA6Ly8xMjcuMC4wLjE6ODAwMC9hcGkvbmV3cy8zIjt9czo2OiJfZmxhc2giO2E6Mjp7czozOiJvbGQiO2E6MDp7fXM6MzoibmV3IjthOjA6e319fQ==', 1721390591),
('qCLHrbvnVNV0Jzdhn4TZwB1UJHm2s62RHhr9ue3S', NULL, '127.0.0.1', 'Mozilla/5.0 (Windows NT 10.0; Win64; x64) AppleWebKit/537.36 (KHTML, like Gecko) Chrome/126.0.0.0 Safari/537.36', 'YTozOntzOjY6Il90b2tlbiI7czo0MDoiVnRvVkxwdXJDTXpoMVVETjdDMERMOUNNeDVSWlFxWExkcEhrOEJjayI7czo5OiJfcHJldmlvdXMiO2E6MTp7czozOiJ1cmwiO3M6MzI6Imh0dHA6Ly8xMjcuMC4wLjE6ODAwMC9hcGkvbmV3cy8zIjt9czo2OiJfZmxhc2giO2E6Mjp7czozOiJvbGQiO2E6MDp7fXM6MzoibmV3IjthOjA6e319fQ==', 1721390646),
('qgofWGpF2SCYlNDNlCql5ESuEp50mGCnqQvAneFU', NULL, '127.0.0.1', 'Mozilla/5.0 (Windows NT 10.0; Win64; x64) AppleWebKit/537.36 (KHTML, like Gecko) Chrome/126.0.0.0 Safari/537.36', 'YTozOntzOjY6Il90b2tlbiI7czo0MDoiVlJkVm1nZldnTmxJajFKaXFtNzNjVWs0alhHQ2ptSjZXQW1UQXVaQSI7czo5OiJfcHJldmlvdXMiO2E6MTp7czozOiJ1cmwiO3M6MzA6Imh0dHA6Ly8xMjcuMC4wLjE6ODAwMC9hcGkvbmV3cyI7fXM6NjoiX2ZsYXNoIjthOjI6e3M6Mzoib2xkIjthOjA6e31zOjM6Im5ldyI7YTowOnt9fX0=', 1721391267),
('qHpU7GOPqOZWiRNfa8DtMIkpKAcGaAxHqnbusII8', NULL, '127.0.0.1', 'Mozilla/5.0 (Windows NT 10.0; Win64; x64) AppleWebKit/537.36 (KHTML, like Gecko) Chrome/126.0.0.0 Safari/537.36', 'YTozOntzOjY6Il90b2tlbiI7czo0MDoiVTV6RXlUUVRvYzN0cnRZRVdodGtUTm00bGxNUjZ4M1RuMUx3Z3RYciI7czo5OiJfcHJldmlvdXMiO2E6MTp7czozOiJ1cmwiO3M6MzA6Imh0dHA6Ly8xMjcuMC4wLjE6ODAwMC9hcGkvbmV3cyI7fXM6NjoiX2ZsYXNoIjthOjI6e3M6Mzoib2xkIjthOjA6e31zOjM6Im5ldyI7YTowOnt9fX0=', 1721389636),
('qMymOSmwmuF8tBt8KaVDsn3SCNlnKx89dvYcZwfL', NULL, '127.0.0.1', 'Mozilla/5.0 (Windows NT 10.0; Win64; x64) AppleWebKit/537.36 (KHTML, like Gecko) Chrome/126.0.0.0 Safari/537.36', 'YTozOntzOjY6Il90b2tlbiI7czo0MDoiZ2ppc1F5czZ2bXE3ZUdoWlk4Nzh3QWQ1UWZ2S1R4TVFJRWZxMkhOOSI7czo5OiJfcHJldmlvdXMiO2E6MTp7czozOiJ1cmwiO3M6MzI6Imh0dHA6Ly8xMjcuMC4wLjE6ODAwMC9hcGkvbmV3cy8zIjt9czo2OiJfZmxhc2giO2E6Mjp7czozOiJvbGQiO2E6MDp7fXM6MzoibmV3IjthOjA6e319fQ==', 1721390638),
('qOTT040ntPjEuLD4h4O7KNZOOQoyYyoUNoRXk8hR', NULL, '127.0.0.1', 'Mozilla/5.0 (Windows NT 10.0; Win64; x64) AppleWebKit/537.36 (KHTML, like Gecko) Chrome/126.0.0.0 Safari/537.36', 'YTozOntzOjY6Il90b2tlbiI7czo0MDoiazBLVldZbmQyclh4NFd0elRoUXZxSUNPWXlqRVdKZVByeTR6VTFHMyI7czo5OiJfcHJldmlvdXMiO2E6MTp7czozOiJ1cmwiO3M6MzI6Imh0dHA6Ly8xMjcuMC4wLjE6ODAwMC9hcGkvbmV3cy8zIjt9czo2OiJfZmxhc2giO2E6Mjp7czozOiJvbGQiO2E6MDp7fXM6MzoibmV3IjthOjA6e319fQ==', 1721390752),
('Qu2Viey2Uv9ELo8cUUOoEu1tA2eAeRqkkVYk9Etm', NULL, '127.0.0.1', 'Mozilla/5.0 (Windows NT 10.0; Win64; x64) AppleWebKit/537.36 (KHTML, like Gecko) Chrome/126.0.0.0 Safari/537.36', 'YTozOntzOjY6Il90b2tlbiI7czo0MDoicUU1azAxMVlaVHZpRmI3Z1pvNmpuTFphV1JGWnQ3Mmc5dWJQeGFQOSI7czo5OiJfcHJldmlvdXMiO2E6MTp7czozOiJ1cmwiO3M6MzI6Imh0dHA6Ly8xMjcuMC4wLjE6ODAwMC9hcGkvbmV3cy81Ijt9czo2OiJfZmxhc2giO2E6Mjp7czozOiJvbGQiO2E6MDp7fXM6MzoibmV3IjthOjA6e319fQ==', 1721391319),
('qvIEWKBvgkElEJ7tAAn6F7Xd4WdMNiZaQM0sdbto', NULL, '127.0.0.1', 'Mozilla/5.0 (Windows NT 10.0; Win64; x64) AppleWebKit/537.36 (KHTML, like Gecko) Chrome/126.0.0.0 Safari/537.36', 'YTozOntzOjY6Il90b2tlbiI7czo0MDoieVNCb1NNQzl6QVpIZkRKQVNvT2tRRlpyMGRYSFBuSFN0NEdud3IwayI7czo5OiJfcHJldmlvdXMiO2E6MTp7czozOiJ1cmwiO3M6MzI6Imh0dHA6Ly8xMjcuMC4wLjE6ODAwMC9hcGkvbmV3cy81Ijt9czo2OiJfZmxhc2giO2E6Mjp7czozOiJvbGQiO2E6MDp7fXM6MzoibmV3IjthOjA6e319fQ==', 1721391289),
('Qy5mgRdwwk3IHE1SHDUPN5w7m8dwnSKIZMWH9pv2', NULL, '127.0.0.1', 'Mozilla/5.0 (Windows NT 10.0; Win64; x64) AppleWebKit/537.36 (KHTML, like Gecko) Chrome/126.0.0.0 Safari/537.36', 'YTozOntzOjY6Il90b2tlbiI7czo0MDoiSWU5d3h2bWtYTUtKRzlkZzYxRFZxUEJ5a3VmZllMNnFXOFRSOW5FQiI7czo5OiJfcHJldmlvdXMiO2E6MTp7czozOiJ1cmwiO3M6MzA6Imh0dHA6Ly8xMjcuMC4wLjE6ODAwMC9hcGkvbmV3cyI7fXM6NjoiX2ZsYXNoIjthOjI6e3M6Mzoib2xkIjthOjA6e31zOjM6Im5ldyI7YTowOnt9fX0=', 1721390371),
('r7hSyfQ7oesBpuP99MAhUDldhO85UP07K1tlWN4z', NULL, '127.0.0.1', 'Mozilla/5.0 (Windows NT 10.0; Win64; x64) AppleWebKit/537.36 (KHTML, like Gecko) Chrome/126.0.0.0 Safari/537.36', 'YTozOntzOjY6Il90b2tlbiI7czo0MDoiWW9WV3p3RGFwYjhIZVVaY0tKY2VxYU02UlZQeExCRjRDT2Y5WFZERyI7czo5OiJfcHJldmlvdXMiO2E6MTp7czozOiJ1cmwiO3M6MzI6Imh0dHA6Ly8xMjcuMC4wLjE6ODAwMC9hcGkvbmV3cy8zIjt9czo2OiJfZmxhc2giO2E6Mjp7czozOiJvbGQiO2E6MDp7fXM6MzoibmV3IjthOjA6e319fQ==', 1721390626),
('R7kBQexQ0A5RjvjRzoKWImURkUfHGPXLz1sXJs3i', NULL, '127.0.0.1', 'Mozilla/5.0 (Windows NT 10.0; Win64; x64) AppleWebKit/537.36 (KHTML, like Gecko) Chrome/126.0.0.0 Safari/537.36', 'YTozOntzOjY6Il90b2tlbiI7czo0MDoiNFN1eE9jck02eTNhYlZBZ3BRTTZFNWJZbHFaU1FsWDVvTGtJaFpEVSI7czo5OiJfcHJldmlvdXMiO2E6MTp7czozOiJ1cmwiO3M6MzI6Imh0dHA6Ly8xMjcuMC4wLjE6ODAwMC9hcGkvbmV3cy8yIjt9czo2OiJfZmxhc2giO2E6Mjp7czozOiJvbGQiO2E6MDp7fXM6MzoibmV3IjthOjA6e319fQ==', 1721391495),
('Raau0CiMMfqIDeIByHHRjzQIsLYrb70OiTXhcWdv', NULL, '127.0.0.1', 'Mozilla/5.0 (Windows NT 10.0; Win64; x64) AppleWebKit/537.36 (KHTML, like Gecko) Chrome/126.0.0.0 Safari/537.36', 'YTozOntzOjY6Il90b2tlbiI7czo0MDoiOEJMUVhiakNLU2d4S2N2OFphdmVRUjk2aFBUcENVRTVBMlhZVk43TCI7czo5OiJfcHJldmlvdXMiO2E6MTp7czozOiJ1cmwiO3M6MzI6Imh0dHA6Ly8xMjcuMC4wLjE6ODAwMC9hcGkvbmV3cy8zIjt9czo2OiJfZmxhc2giO2E6Mjp7czozOiJvbGQiO2E6MDp7fXM6MzoibmV3IjthOjA6e319fQ==', 1721391447),
('RCDwfKUTMPENNSDLU587ULHiSvVCNIPx2lFVyBg7', NULL, '127.0.0.1', 'Mozilla/5.0 (Windows NT 10.0; Win64; x64) AppleWebKit/537.36 (KHTML, like Gecko) Chrome/126.0.0.0 Safari/537.36', 'YTozOntzOjY6Il90b2tlbiI7czo0MDoiMEVjUUh2Umd3ZDl1SlFFeFFIRE9hZjNGQkNrbEYzZWxWVk5tZDZ4MSI7czo5OiJfcHJldmlvdXMiO2E6MTp7czozOiJ1cmwiO3M6MzI6Imh0dHA6Ly8xMjcuMC4wLjE6ODAwMC9hcGkvbmV3cy8zIjt9czo2OiJfZmxhc2giO2E6Mjp7czozOiJvbGQiO2E6MDp7fXM6MzoibmV3IjthOjA6e319fQ==', 1721390923),
('RJSIrySmxhBKATZSTy9rf8W8ITshX8UqQm7Iyxjp', NULL, '127.0.0.1', 'Mozilla/5.0 (Windows NT 10.0; Win64; x64) AppleWebKit/537.36 (KHTML, like Gecko) Chrome/126.0.0.0 Safari/537.36', 'YTozOntzOjY6Il90b2tlbiI7czo0MDoieUdIUGNyRGNQV2NrNlJDVDJSZmt6SUZkRVpVRmgwZWVQcmQ5Sm9pZiI7czo5OiJfcHJldmlvdXMiO2E6MTp7czozOiJ1cmwiO3M6MzA6Imh0dHA6Ly8xMjcuMC4wLjE6ODAwMC9hcGkvbmV3cyI7fXM6NjoiX2ZsYXNoIjthOjI6e3M6Mzoib2xkIjthOjA6e31zOjM6Im5ldyI7YTowOnt9fX0=', 1721388511),
('Rn4d8YxJKyMbdEPdbcDIzxCYJHXTdxeKzddX25vS', NULL, '127.0.0.1', 'Mozilla/5.0 (Windows NT 10.0; Win64; x64) AppleWebKit/537.36 (KHTML, like Gecko) Chrome/126.0.0.0 Safari/537.36', 'YTozOntzOjY6Il90b2tlbiI7czo0MDoiNUZyRlBZT0piaHBCM3p3THBybW04RThoNmZTOGFjbkMwcFphc3ZBbSI7czo5OiJfcHJldmlvdXMiO2E6MTp7czozOiJ1cmwiO3M6MzA6Imh0dHA6Ly8xMjcuMC4wLjE6ODAwMC9hcGkvbmV3cyI7fXM6NjoiX2ZsYXNoIjthOjI6e3M6Mzoib2xkIjthOjA6e31zOjM6Im5ldyI7YTowOnt9fX0=', 1721389017),
('rZadIxigiNECbdeURyV28s4ORwsDHtc5rD7REC69', NULL, '127.0.0.1', 'Mozilla/5.0 (Windows NT 10.0; Win64; x64) AppleWebKit/537.36 (KHTML, like Gecko) Chrome/126.0.0.0 Safari/537.36', 'YTozOntzOjY6Il90b2tlbiI7czo0MDoiVFdQOFVMZENCTXB5cmZSaldndUprQW83TTc2bnpwV1Y0amRVMGZUVyI7czo5OiJfcHJldmlvdXMiO2E6MTp7czozOiJ1cmwiO3M6MzA6Imh0dHA6Ly8xMjcuMC4wLjE6ODAwMC9hcGkvbmV3cyI7fXM6NjoiX2ZsYXNoIjthOjI6e3M6Mzoib2xkIjthOjA6e31zOjM6Im5ldyI7YTowOnt9fX0=', 1721389243),
('s5lCvmEQuWSmpNk7pR8ix0aOV0Acelba49OBZK51', NULL, '127.0.0.1', 'Mozilla/5.0 (Windows NT 10.0; Win64; x64) AppleWebKit/537.36 (KHTML, like Gecko) Chrome/126.0.0.0 Safari/537.36', 'YTozOntzOjY6Il90b2tlbiI7czo0MDoiNnk3T1FDZGE5c1VqSm1ockNuUTNTMHhQZUVrWURQVUg2bDJOM1Z1VSI7czo5OiJfcHJldmlvdXMiO2E6MTp7czozOiJ1cmwiO3M6MzI6Imh0dHA6Ly8xMjcuMC4wLjE6ODAwMC9hcGkvbmV3cy8zIjt9czo2OiJfZmxhc2giO2E6Mjp7czozOiJvbGQiO2E6MDp7fXM6MzoibmV3IjthOjA6e319fQ==', 1721390770),
('sLlLZCYSs8m2XVMKJR6JlmwWrkuL1KRw9fErQSt8', NULL, '127.0.0.1', 'Mozilla/5.0 (Windows NT 10.0; Win64; x64) AppleWebKit/537.36 (KHTML, like Gecko) Chrome/126.0.0.0 Safari/537.36', 'YTozOntzOjY6Il90b2tlbiI7czo0MDoiSFQzTXN4eWlOT3lIVDZDTXV6dm5ycUJpbzZuRVg2ZU9vazVRaXg0SyI7czo5OiJfcHJldmlvdXMiO2E6MTp7czozOiJ1cmwiO3M6MzA6Imh0dHA6Ly8xMjcuMC4wLjE6ODAwMC9hcGkvbmV3cyI7fXM6NjoiX2ZsYXNoIjthOjI6e3M6Mzoib2xkIjthOjA6e31zOjM6Im5ldyI7YTowOnt9fX0=', 1721391270),
('SPT9G4AidGIqV2l28ri9YDHmIQ91pnpi8xVwNfdt', NULL, '127.0.0.1', 'Mozilla/5.0 (Windows NT 10.0; Win64; x64) AppleWebKit/537.36 (KHTML, like Gecko) Chrome/126.0.0.0 Safari/537.36', 'YTozOntzOjY6Il90b2tlbiI7czo0MDoiZTZHWmdvMjJsUzZiRWhOR1JubVdvblJvYnZlbnJQdHRpd2liYTRGTiI7czo5OiJfcHJldmlvdXMiO2E6MTp7czozOiJ1cmwiO3M6MzI6Imh0dHA6Ly8xMjcuMC4wLjE6ODAwMC9hcGkvbmV3cy8zIjt9czo2OiJfZmxhc2giO2E6Mjp7czozOiJvbGQiO2E6MDp7fXM6MzoibmV3IjthOjA6e319fQ==', 1721390753),
('SRHE0ac0uxW1Oi7sikhCeV3WqzvVG4x2SPAzGZz3', NULL, '127.0.0.1', 'Mozilla/5.0 (Windows NT 10.0; Win64; x64) AppleWebKit/537.36 (KHTML, like Gecko) Chrome/126.0.0.0 Safari/537.36', 'YTozOntzOjY6Il90b2tlbiI7czo0MDoiVHpwZm5ha3dwc1ptclBOSjllM3RRWk9FUTVBU254NlVSdGFiM0NwayI7czo5OiJfcHJldmlvdXMiO2E6MTp7czozOiJ1cmwiO3M6MzI6Imh0dHA6Ly8xMjcuMC4wLjE6ODAwMC9hcGkvbmV3cy8xIjt9czo2OiJfZmxhc2giO2E6Mjp7czozOiJvbGQiO2E6MDp7fXM6MzoibmV3IjthOjA6e319fQ==', 1721391228),
('StNT0RlcHzeKFO4Omg7vkeuY6dfaTnS8vEIpL81t', NULL, '127.0.0.1', 'Mozilla/5.0 (Windows NT 10.0; Win64; x64) AppleWebKit/537.36 (KHTML, like Gecko) Chrome/126.0.0.0 Safari/537.36', 'YTozOntzOjY6Il90b2tlbiI7czo0MDoielUxYXBBeFEzQmM3TEFOVTdRYkxZZXE0bGt6Qm15U3lIZlpEVEJ2MiI7czo5OiJfcHJldmlvdXMiO2E6MTp7czozOiJ1cmwiO3M6MzI6Imh0dHA6Ly8xMjcuMC4wLjE6ODAwMC9hcGkvbmV3cy81Ijt9czo2OiJfZmxhc2giO2E6Mjp7czozOiJvbGQiO2E6MDp7fXM6MzoibmV3IjthOjA6e319fQ==', 1721391321),
('SZMCCELHs2CRDokEBcX71SCR7GzZpyUvflBL9WcH', NULL, '127.0.0.1', 'Mozilla/5.0 (Windows NT 10.0; Win64; x64) AppleWebKit/537.36 (KHTML, like Gecko) Chrome/126.0.0.0 Safari/537.36', 'YTozOntzOjY6Il90b2tlbiI7czo0MDoiTlRqZk9kMDFSdnpKTmNPNXpFZk5TOEpsN2s2Ylk5aVRTYlh5RW9WWiI7czo5OiJfcHJldmlvdXMiO2E6MTp7czozOiJ1cmwiO3M6MzI6Imh0dHA6Ly8xMjcuMC4wLjE6ODAwMC9hcGkvbmV3cy8yIjt9czo2OiJfZmxhc2giO2E6Mjp7czozOiJvbGQiO2E6MDp7fXM6MzoibmV3IjthOjA6e319fQ==', 1721391264),
('T9DO65Et5u6R3DLkTUT1Ec2Q3LnPCqs0iT5tDzPv', NULL, '127.0.0.1', 'Mozilla/5.0 (Windows NT 10.0; Win64; x64) AppleWebKit/537.36 (KHTML, like Gecko) Chrome/126.0.0.0 Safari/537.36', 'YTozOntzOjY6Il90b2tlbiI7czo0MDoiZnhBZlBKcTZtRGtqUnRpVWVNUk9FMkVSeFlRMFBJV1VGR2tMSGFGTSI7czo5OiJfcHJldmlvdXMiO2E6MTp7czozOiJ1cmwiO3M6MzI6Imh0dHA6Ly8xMjcuMC4wLjE6ODAwMC9hcGkvbmV3cy8yIjt9czo2OiJfZmxhc2giO2E6Mjp7czozOiJvbGQiO2E6MDp7fXM6MzoibmV3IjthOjA6e319fQ==', 1721389866),
('TgA10E3gPZxwn3hknPhZt5JLqGCG1xk5CIjTjMSD', NULL, '127.0.0.1', 'Mozilla/5.0 (Windows NT 10.0; Win64; x64) AppleWebKit/537.36 (KHTML, like Gecko) Chrome/126.0.0.0 Safari/537.36', 'YTozOntzOjY6Il90b2tlbiI7czo0MDoidkFjeDVWQUVUdE4wcjl2dlNqRFJ1d0RLQ2wyZ2ZiZnp3Q0dZd3p0SSI7czo5OiJfcHJldmlvdXMiO2E6MTp7czozOiJ1cmwiO3M6MzI6Imh0dHA6Ly8xMjcuMC4wLjE6ODAwMC9hcGkvbmV3cy8zIjt9czo2OiJfZmxhc2giO2E6Mjp7czozOiJvbGQiO2E6MDp7fXM6MzoibmV3IjthOjA6e319fQ==', 1721390933),
('toQYMG4PI2RkoyFhQp1Kj8jE1OOmLiB9YNCdO6gw', NULL, '127.0.0.1', 'Mozilla/5.0 (Windows NT 10.0; Win64; x64) AppleWebKit/537.36 (KHTML, like Gecko) Chrome/126.0.0.0 Safari/537.36', 'YTozOntzOjY6Il90b2tlbiI7czo0MDoiZHhPV0lQeUs1TmVPNmszMFpCU1B4SEJaUFlZZzg1TlpjS3U2RDhCTSI7czo5OiJfcHJldmlvdXMiO2E6MTp7czozOiJ1cmwiO3M6MzA6Imh0dHA6Ly8xMjcuMC4wLjE6ODAwMC9hcGkvbmV3cyI7fXM6NjoiX2ZsYXNoIjthOjI6e3M6Mzoib2xkIjthOjA6e31zOjM6Im5ldyI7YTowOnt9fX0=', 1721388528),
('twTmH8klk7tYIFswNynqcHVvBaN3AvNjK4DgFq2g', NULL, '127.0.0.1', 'Mozilla/5.0 (Windows NT 10.0; Win64; x64) AppleWebKit/537.36 (KHTML, like Gecko) Chrome/126.0.0.0 Safari/537.36', 'YTozOntzOjY6Il90b2tlbiI7czo0MDoicGFuUDNKcmNiQ2lNVWQ3RGxQMVp0bnJZY29QRm5BbDVENkRDM1dIUiI7czo5OiJfcHJldmlvdXMiO2E6MTp7czozOiJ1cmwiO3M6MzI6Imh0dHA6Ly8xMjcuMC4wLjE6ODAwMC9hcGkvbmV3cy8zIjt9czo2OiJfZmxhc2giO2E6Mjp7czozOiJvbGQiO2E6MDp7fXM6MzoibmV3IjthOjA6e319fQ==', 1721392680),
('tYglhvgdB0TNQgzMsEk8wLevfua0G5dAtmq8vW5x', NULL, '127.0.0.1', 'Mozilla/5.0 (Windows NT 10.0; Win64; x64) AppleWebKit/537.36 (KHTML, like Gecko) Chrome/126.0.0.0 Safari/537.36', 'YTozOntzOjY6Il90b2tlbiI7czo0MDoiNklwNHE5YXZ2MmowWmFpZ3hnbVZvOVBxV2pHbW9xZTQ3eWVhV3poeSI7czo5OiJfcHJldmlvdXMiO2E6MTp7czozOiJ1cmwiO3M6MzI6Imh0dHA6Ly8xMjcuMC4wLjE6ODAwMC9hcGkvbmV3cy8zIjt9czo2OiJfZmxhc2giO2E6Mjp7czozOiJvbGQiO2E6MDp7fXM6MzoibmV3IjthOjA6e319fQ==', 1721391470),
('UbdjvOc0ZGr7ZMhicR0bKOkHsJmptAPBzxDGPl1i', NULL, '127.0.0.1', 'Mozilla/5.0 (Windows NT 10.0; Win64; x64) AppleWebKit/537.36 (KHTML, like Gecko) Chrome/126.0.0.0 Safari/537.36', 'YTozOntzOjY6Il90b2tlbiI7czo0MDoiZlBSSlczMW9ybktYMUl3OGNKbHZsUE5nbkxoNmZLcUNGZjNDUUhTUCI7czo5OiJfcHJldmlvdXMiO2E6MTp7czozOiJ1cmwiO3M6MzI6Imh0dHA6Ly8xMjcuMC4wLjE6ODAwMC9hcGkvbmV3cy8xIjt9czo2OiJfZmxhc2giO2E6Mjp7czozOiJvbGQiO2E6MDp7fXM6MzoibmV3IjthOjA6e319fQ==', 1721391251),
('UiLY4a7aMWsVAdnnFnhIOG0AOOC2VBwzNhhvfmZg', NULL, '127.0.0.1', 'Mozilla/5.0 (Windows NT 10.0; Win64; x64) AppleWebKit/537.36 (KHTML, like Gecko) Chrome/126.0.0.0 Safari/537.36', 'YTozOntzOjY6Il90b2tlbiI7czo0MDoiVnFSQmh4WlJjZFVRbHppd01DMWlLRnFSam9zeEJUQ2hlOFJnNjh6dSI7czo5OiJfcHJldmlvdXMiO2E6MTp7czozOiJ1cmwiO3M6MzI6Imh0dHA6Ly8xMjcuMC4wLjE6ODAwMC9hcGkvbmV3cy8zIjt9czo2OiJfZmxhc2giO2E6Mjp7czozOiJvbGQiO2E6MDp7fXM6MzoibmV3IjthOjA6e319fQ==', 1721390941),
('UYvzazAfJzEMEeH8NBbW4JPEZwupW0Zr8YUxpEdX', NULL, '127.0.0.1', 'Mozilla/5.0 (Windows NT 10.0; Win64; x64) AppleWebKit/537.36 (KHTML, like Gecko) Chrome/126.0.0.0 Safari/537.36', 'YTozOntzOjY6Il90b2tlbiI7czo0MDoiRGhVeDl5akxrd2RybTU2dU5mSmh2NlZZbU5LVlcwREJTMEt5SVBkQiI7czo5OiJfcHJldmlvdXMiO2E6MTp7czozOiJ1cmwiO3M6MzA6Imh0dHA6Ly8xMjcuMC4wLjE6ODAwMC9hcGkvbmV3cyI7fXM6NjoiX2ZsYXNoIjthOjI6e3M6Mzoib2xkIjthOjA6e31zOjM6Im5ldyI7YTowOnt9fX0=', 1721391481),
('VGpmqSuhTYXRFURIfvvKwwC9mFsSiV4jaXLWpxVB', NULL, '127.0.0.1', 'Mozilla/5.0 (Windows NT 10.0; Win64; x64) AppleWebKit/537.36 (KHTML, like Gecko) Chrome/126.0.0.0 Safari/537.36', 'YTozOntzOjY6Il90b2tlbiI7czo0MDoibDBQdlQ5bVY3Z1ZDVlZGODhjRnRFMlhIMWEyUk5QdVN5RHdKaGVXbSI7czo5OiJfcHJldmlvdXMiO2E6MTp7czozOiJ1cmwiO3M6MzI6Imh0dHA6Ly8xMjcuMC4wLjE6ODAwMC9hcGkvbmV3cy8zIjt9czo2OiJfZmxhc2giO2E6Mjp7czozOiJvbGQiO2E6MDp7fXM6MzoibmV3IjthOjA6e319fQ==', 1721390602),
('VnfcbXCYdgasVTkLiOPdpv2pgxGARhvlv7N8jJ0f', NULL, '127.0.0.1', 'Mozilla/5.0 (Windows NT 10.0; Win64; x64) AppleWebKit/537.36 (KHTML, like Gecko) Chrome/126.0.0.0 Safari/537.36', 'YTozOntzOjY6Il90b2tlbiI7czo0MDoidWkxRTVxcUtJWkdlNjZTa2pGOXlhU2dDMnB4elp1bVpDenpFc1Y2SiI7czo5OiJfcHJldmlvdXMiO2E6MTp7czozOiJ1cmwiO3M6MzI6Imh0dHA6Ly8xMjcuMC4wLjE6ODAwMC9hcGkvbmV3cy8zIjt9czo2OiJfZmxhc2giO2E6Mjp7czozOiJvbGQiO2E6MDp7fXM6MzoibmV3IjthOjA6e319fQ==', 1721391074),
('vQAxdfJq5Al36svdwTME9nCAx11SLhAZhgulm2X9', NULL, '127.0.0.1', 'Mozilla/5.0 (Windows NT 10.0; Win64; x64) AppleWebKit/537.36 (KHTML, like Gecko) Chrome/126.0.0.0 Safari/537.36', 'YTozOntzOjY6Il90b2tlbiI7czo0MDoieFJ6OUJ4SUFRZm5LSm16UlB3T0tJcE1leWFocVcyUnJ0RlBsYkNrRCI7czo5OiJfcHJldmlvdXMiO2E6MTp7czozOiJ1cmwiO3M6MzA6Imh0dHA6Ly8xMjcuMC4wLjE6ODAwMC9hcGkvbmV3cyI7fXM6NjoiX2ZsYXNoIjthOjI6e3M6Mzoib2xkIjthOjA6e31zOjM6Im5ldyI7YTowOnt9fX0=', 1721391258),
('vqLc4zuYNAqQ14eTwHhb2T3NgqD6tmNEJB18sPH3', NULL, '127.0.0.1', 'Mozilla/5.0 (Windows NT 10.0; Win64; x64) AppleWebKit/537.36 (KHTML, like Gecko) Chrome/126.0.0.0 Safari/537.36', 'YTozOntzOjY6Il90b2tlbiI7czo0MDoiSzExVU9mWWt5THpEaXc0b2VvOHNUZFBDeTJVQVZYTjFVYWFqWWhjQyI7czo5OiJfcHJldmlvdXMiO2E6MTp7czozOiJ1cmwiO3M6MzA6Imh0dHA6Ly8xMjcuMC4wLjE6ODAwMC9hcGkvbmV3cyI7fXM6NjoiX2ZsYXNoIjthOjI6e3M6Mzoib2xkIjthOjA6e31zOjM6Im5ldyI7YTowOnt9fX0=', 1721391274),
('VV2Rn6jeLynIhgl0zTeb8vw0Z1mAWvIQ1NAtsaJh', NULL, '127.0.0.1', 'Mozilla/5.0 (Windows NT 10.0; Win64; x64) AppleWebKit/537.36 (KHTML, like Gecko) Chrome/126.0.0.0 Safari/537.36', 'YTozOntzOjY6Il90b2tlbiI7czo0MDoiczY0VTZkd21FZTFSN0M5MFliVUhQalVwVnFoaGlkUTFTSExtbnk4aiI7czo5OiJfcHJldmlvdXMiO2E6MTp7czozOiJ1cmwiO3M6MzQ6Imh0dHA6Ly8xMjcuMC4wLjE6ODAwMC9hcGkvcHJvZHVjdHMiO31zOjY6Il9mbGFzaCI7YToyOntzOjM6Im9sZCI7YTowOnt9czozOiJuZXciO2E6MDp7fX19', 1721389070),
('VWUX16ibYxx1Dj3qRgQ8XxpYN1bkrnucz0WE8xBg', NULL, '127.0.0.1', 'Mozilla/5.0 (Windows NT 10.0; Win64; x64) AppleWebKit/537.36 (KHTML, like Gecko) Chrome/126.0.0.0 Safari/537.36', 'YTozOntzOjY6Il90b2tlbiI7czo0MDoibUpRbTczSGlyaW82VkdMTTFxeVkxMXRGMVNnVkQxTkJjbk00SXRXRiI7czo5OiJfcHJldmlvdXMiO2E6MTp7czozOiJ1cmwiO3M6MzI6Imh0dHA6Ly8xMjcuMC4wLjE6ODAwMC9hcGkvbmV3cy8yIjt9czo2OiJfZmxhc2giO2E6Mjp7czozOiJvbGQiO2E6MDp7fXM6MzoibmV3IjthOjA6e319fQ==', 1721391274),
('vX2tA4GY7BuEne9g6nj1I2jo726Z88j3te7VLkCl', NULL, '127.0.0.1', 'Mozilla/5.0 (Windows NT 10.0; Win64; x64) AppleWebKit/537.36 (KHTML, like Gecko) Chrome/126.0.0.0 Safari/537.36', 'YTozOntzOjY6Il90b2tlbiI7czo0MDoibmZGWDl0ZTI0akNQZXJDOWYzbmU3cDhBN2dCc2c1QUdGa2dEUTJCTSI7czo5OiJfcHJldmlvdXMiO2E6MTp7czozOiJ1cmwiO3M6MzI6Imh0dHA6Ly8xMjcuMC4wLjE6ODAwMC9hcGkvbmV3cy8zIjt9czo2OiJfZmxhc2giO2E6Mjp7czozOiJvbGQiO2E6MDp7fXM6MzoibmV3IjthOjA6e319fQ==', 1721390896),
('w5aaT6NStYKgUY31Xj47eoFBEkdJ7liLT84Tbq6U', NULL, '127.0.0.1', 'Mozilla/5.0 (Windows NT 10.0; Win64; x64) AppleWebKit/537.36 (KHTML, like Gecko) Chrome/126.0.0.0 Safari/537.36', 'YTozOntzOjY6Il90b2tlbiI7czo0MDoiVlVCbGY1YWp6bnhxN2hMZ0JaSEthQXZ0VHdtS0lkZE5KMFIzN2lkRyI7czo5OiJfcHJldmlvdXMiO2E6MTp7czozOiJ1cmwiO3M6MzI6Imh0dHA6Ly8xMjcuMC4wLjE6ODAwMC9hcGkvbmV3cy8zIjt9czo2OiJfZmxhc2giO2E6Mjp7czozOiJvbGQiO2E6MDp7fXM6MzoibmV3IjthOjA6e319fQ==', 1721390927),
('wPoaywTyDpaS19dotqL1ujSGSYmvEuryxRc6vcTu', NULL, '127.0.0.1', 'Mozilla/5.0 (Windows NT 10.0; Win64; x64) AppleWebKit/537.36 (KHTML, like Gecko) Chrome/126.0.0.0 Safari/537.36', 'YTozOntzOjY6Il90b2tlbiI7czo0MDoieWVYSnpXcDRKU1pWNTE5akNxREhwY2huN09hQlVBdk1KMXBxQlZTdiI7czo5OiJfcHJldmlvdXMiO2E6MTp7czozOiJ1cmwiO3M6MzA6Imh0dHA6Ly8xMjcuMC4wLjE6ODAwMC9hcGkvbmV3cyI7fXM6NjoiX2ZsYXNoIjthOjI6e3M6Mzoib2xkIjthOjA6e31zOjM6Im5ldyI7YTowOnt9fX0=', 1721389251),
('WPzLfBTbyFeOsYwDv7nWuHjUFdDkfQqSOX66dcgh', NULL, '127.0.0.1', 'Mozilla/5.0 (Windows NT 10.0; Win64; x64) AppleWebKit/537.36 (KHTML, like Gecko) Chrome/126.0.0.0 Safari/537.36', 'YTozOntzOjY6Il90b2tlbiI7czo0MDoiMVI3TDlsVEtNV1R0ZGFvWm5mVDk5MEUwQUFHSGduUThrRzVPaHpyeCI7czo5OiJfcHJldmlvdXMiO2E6MTp7czozOiJ1cmwiO3M6MzA6Imh0dHA6Ly8xMjcuMC4wLjE6ODAwMC9hcGkvbmV3cyI7fXM6NjoiX2ZsYXNoIjthOjI6e3M6Mzoib2xkIjthOjA6e31zOjM6Im5ldyI7YTowOnt9fX0=', 1721388437),
('X0ZwXK2blPeJJlixebymgKI2RJOabNFGDq1zcXXe', NULL, '127.0.0.1', 'Mozilla/5.0 (Windows NT 10.0; Win64; x64) AppleWebKit/537.36 (KHTML, like Gecko) Chrome/126.0.0.0 Safari/537.36', 'YTozOntzOjY6Il90b2tlbiI7czo0MDoiQzdGQ1BacFJsdnhWMDFDNm5hSmllQ2FSdUtlRjhCRVc0c3pyQk15byI7czo5OiJfcHJldmlvdXMiO2E6MTp7czozOiJ1cmwiO3M6MzA6Imh0dHA6Ly8xMjcuMC4wLjE6ODAwMC9hcGkvbmV3cyI7fXM6NjoiX2ZsYXNoIjthOjI6e3M6Mzoib2xkIjthOjA6e31zOjM6Im5ldyI7YTowOnt9fX0=', 1721392679),
('X7EGuJzS1PSuJDZAOWEzZ7RZEUpi72AhbfkIngrX', NULL, '127.0.0.1', 'Mozilla/5.0 (Windows NT 10.0; Win64; x64) AppleWebKit/537.36 (KHTML, like Gecko) Chrome/126.0.0.0 Safari/537.36', 'YTozOntzOjY6Il90b2tlbiI7czo0MDoiejJ0aHp3NXNjbk1FMzJHWGhTYUdpcThrV1pXdEczUHhERG54dWlaUSI7czo5OiJfcHJldmlvdXMiO2E6MTp7czozOiJ1cmwiO3M6MzI6Imh0dHA6Ly8xMjcuMC4wLjE6ODAwMC9hcGkvbmV3cy8yIjt9czo2OiJfZmxhc2giO2E6Mjp7czozOiJvbGQiO2E6MDp7fXM6MzoibmV3IjthOjA6e319fQ==', 1721391513),
('XHP2SFOPFbntpURJSbtPpv1Tnjk35IvowB4aNeYa', NULL, '127.0.0.1', 'Mozilla/5.0 (Windows NT 10.0; Win64; x64) AppleWebKit/537.36 (KHTML, like Gecko) Chrome/126.0.0.0 Safari/537.36', 'YTozOntzOjY6Il90b2tlbiI7czo0MDoiU0NNbTNBbURmNGN3dGVXZnljSzRRcFVMdEhVQkdGYlVSd2FsM1JmWiI7czo5OiJfcHJldmlvdXMiO2E6MTp7czozOiJ1cmwiO3M6MzA6Imh0dHA6Ly8xMjcuMC4wLjE6ODAwMC9hcGkvbmV3cyI7fXM6NjoiX2ZsYXNoIjthOjI6e3M6Mzoib2xkIjthOjA6e31zOjM6Im5ldyI7YTowOnt9fX0=', 1721389600),
('xMYapDSLKIdiJSx7OpJCQCLQCEaeQ4MaM11MMYjo', NULL, '127.0.0.1', 'Mozilla/5.0 (Windows NT 10.0; Win64; x64) AppleWebKit/537.36 (KHTML, like Gecko) Chrome/126.0.0.0 Safari/537.36', 'YTozOntzOjY6Il90b2tlbiI7czo0MDoiYjJicFl1eDVvR3dudHBxVTNHQ2dSTlE0aGowQVZWRmlDcjNibUhpNyI7czo5OiJfcHJldmlvdXMiO2E6MTp7czozOiJ1cmwiO3M6MzA6Imh0dHA6Ly8xMjcuMC4wLjE6ODAwMC9hcGkvbmV3cyI7fXM6NjoiX2ZsYXNoIjthOjI6e3M6Mzoib2xkIjthOjA6e31zOjM6Im5ldyI7YTowOnt9fX0=', 1721391276),
('XqZfk7mEf3Cy8pVFiMvATbifOtq6BSEZZnXQz9YT', NULL, '127.0.0.1', 'Mozilla/5.0 (Windows NT 10.0; Win64; x64) AppleWebKit/537.36 (KHTML, like Gecko) Chrome/126.0.0.0 Safari/537.36', 'YTozOntzOjY6Il90b2tlbiI7czo0MDoienV3TXBqczBsNmJxenZhMzJ3eHdVMzFjRzVzanhZaFVsTWswdGwzTiI7czo5OiJfcHJldmlvdXMiO2E6MTp7czozOiJ1cmwiO3M6MzI6Imh0dHA6Ly8xMjcuMC4wLjE6ODAwMC9hcGkvbmV3cy8zIjt9czo2OiJfZmxhc2giO2E6Mjp7czozOiJvbGQiO2E6MDp7fXM6MzoibmV3IjthOjA6e319fQ==', 1721390895),
('xRw8xefQYmrIVjjrM3XnV1l0CQQzogv80XsQQAvL', NULL, '127.0.0.1', 'Mozilla/5.0 (Windows NT 10.0; Win64; x64) AppleWebKit/537.36 (KHTML, like Gecko) Chrome/126.0.0.0 Safari/537.36', 'YTozOntzOjY6Il90b2tlbiI7czo0MDoiR21rTkh1UFVUblM5ZGlyS3BOOGhKa3dydWdua1hzell5dGhCcXROMSI7czo5OiJfcHJldmlvdXMiO2E6MTp7czozOiJ1cmwiO3M6MzI6Imh0dHA6Ly8xMjcuMC4wLjE6ODAwMC9hcGkvbmV3cy8xIjt9czo2OiJfZmxhc2giO2E6Mjp7czozOiJvbGQiO2E6MDp7fXM6MzoibmV3IjthOjA6e319fQ==', 1721390220),
('xrX6lChINUnBV0wNcwQMAPhKzXF0tlpAwgj110cv', NULL, '127.0.0.1', 'Mozilla/5.0 (Windows NT 10.0; Win64; x64) AppleWebKit/537.36 (KHTML, like Gecko) Chrome/126.0.0.0 Safari/537.36', 'YTozOntzOjY6Il90b2tlbiI7czo0MDoicUZ3TlozejhRRGxjTHVqNVp2ekdTTlkwdXlrYm9pRmtzY015VmZHVCI7czo5OiJfcHJldmlvdXMiO2E6MTp7czozOiJ1cmwiO3M6MzI6Imh0dHA6Ly8xMjcuMC4wLjE6ODAwMC9hcGkvbmV3cy8zIjt9czo2OiJfZmxhc2giO2E6Mjp7czozOiJvbGQiO2E6MDp7fXM6MzoibmV3IjthOjA6e319fQ==', 1721390708),
('xS9V9HlIswVqJFdm9F0L5VHtZMadlbraaqfThbEG', NULL, '127.0.0.1', 'Mozilla/5.0 (Windows NT 10.0; Win64; x64) AppleWebKit/537.36 (KHTML, like Gecko) Chrome/126.0.0.0 Safari/537.36', 'YTozOntzOjY6Il90b2tlbiI7czo0MDoib1FXRHlkeDZJNW9OdkE4WDhkUjhaV0Q4VFVFVWNQaDJIVHdadlNRdCI7czo5OiJfcHJldmlvdXMiO2E6MTp7czozOiJ1cmwiO3M6MzA6Imh0dHA6Ly8xMjcuMC4wLjE6ODAwMC9hcGkvbmV3cyI7fXM6NjoiX2ZsYXNoIjthOjI6e3M6Mzoib2xkIjthOjA6e31zOjM6Im5ldyI7YTowOnt9fX0=', 1721388421),
('XtRzyCx0IdrWbHYI1OLDMIpGi7IK9RwRCb42sMtp', NULL, '127.0.0.1', 'Mozilla/5.0 (Windows NT 10.0; Win64; x64) AppleWebKit/537.36 (KHTML, like Gecko) Chrome/126.0.0.0 Safari/537.36', 'YTozOntzOjY6Il90b2tlbiI7czo0MDoiYkpaczRwcTVTZEtQNVVKZEZmR3c0U2hyT3Rvb1N4eFFyRVJJTDVSRiI7czo5OiJfcHJldmlvdXMiO2E6MTp7czozOiJ1cmwiO3M6MzA6Imh0dHA6Ly8xMjcuMC4wLjE6ODAwMC9hcGkvbmV3cyI7fXM6NjoiX2ZsYXNoIjthOjI6e3M6Mzoib2xkIjthOjA6e31zOjM6Im5ldyI7YTowOnt9fX0=', 1721388442),
('xununuNLbLiWyEewqA07olLH0P1LaMeJ86Q4Ab3t', NULL, '127.0.0.1', 'Mozilla/5.0 (Windows NT 10.0; Win64; x64) AppleWebKit/537.36 (KHTML, like Gecko) Chrome/126.0.0.0 Safari/537.36', 'YTozOntzOjY6Il90b2tlbiI7czo0MDoiVzVSNGtWdTBZTFdVN05GTzFXWDd3S1o5czlnekpodkNYeUN2TEkzYyI7czo5OiJfcHJldmlvdXMiO2E6MTp7czozOiJ1cmwiO3M6MzI6Imh0dHA6Ly8xMjcuMC4wLjE6ODAwMC9hcGkvbmV3cy8xIjt9czo2OiJfZmxhc2giO2E6Mjp7czozOiJvbGQiO2E6MDp7fXM6MzoibmV3IjthOjA6e319fQ==', 1721390132),
('xywYMq6tU21by8iqaXvRwq1AkGUdf6cBCWATCQb4', NULL, '127.0.0.1', 'Mozilla/5.0 (Windows NT 10.0; Win64; x64) AppleWebKit/537.36 (KHTML, like Gecko) Chrome/126.0.0.0 Safari/537.36', 'YTozOntzOjY6Il90b2tlbiI7czo0MDoiVzZUU2dheVNET3Z6VXV1SHRzU0FOWG8yZ3JrNHZXT3JkVzB4MEZSZyI7czo5OiJfcHJldmlvdXMiO2E6MTp7czozOiJ1cmwiO3M6MzI6Imh0dHA6Ly8xMjcuMC4wLjE6ODAwMC9hcGkvbmV3cy81Ijt9czo2OiJfZmxhc2giO2E6Mjp7czozOiJvbGQiO2E6MDp7fXM6MzoibmV3IjthOjA6e319fQ==', 1721391327),
('Z2wOjiWcYFLO0YcrNFvAnaO6N4cQ3fCB5HVhtYMa', NULL, '127.0.0.1', 'Mozilla/5.0 (Windows NT 10.0; Win64; x64) AppleWebKit/537.36 (KHTML, like Gecko) Chrome/126.0.0.0 Safari/537.36', 'YTozOntzOjY6Il90b2tlbiI7czo0MDoiS0dTbXBVY3RWZm9xWWlOdWxUWDNxNlM1VlNOaDdQUWMzOW5adDE4bCI7czo5OiJfcHJldmlvdXMiO2E6MTp7czozOiJ1cmwiO3M6MzA6Imh0dHA6Ly8xMjcuMC4wLjE6ODAwMC9hcGkvbmV3cyI7fXM6NjoiX2ZsYXNoIjthOjI6e3M6Mzoib2xkIjthOjA6e31zOjM6Im5ldyI7YTowOnt9fX0=', 1721389658),
('zcitSVbvk6Pq1PzkVIKtaiGQrDlDK7fy1FQ92O4r', NULL, '127.0.0.1', 'Mozilla/5.0 (Windows NT 10.0; Win64; x64) AppleWebKit/537.36 (KHTML, like Gecko) Chrome/126.0.0.0 Safari/537.36', 'YTozOntzOjY6Il90b2tlbiI7czo0MDoiSUZUVmVvM2pqQmpFOUlYNWxMOXlQOEcxamRzUXIycE1uYnNYb3V0WiI7czo5OiJfcHJldmlvdXMiO2E6MTp7czozOiJ1cmwiO3M6MzI6Imh0dHA6Ly8xMjcuMC4wLjE6ODAwMC9hcGkvbmV3cy81Ijt9czo2OiJfZmxhc2giO2E6Mjp7czozOiJvbGQiO2E6MDp7fXM6MzoibmV3IjthOjA6e319fQ==', 1721391328),
('zNYRnd5joq6s0V386EkAu8bWiN7eJdX7Kaawebh6', NULL, '127.0.0.1', 'Mozilla/5.0 (Windows NT 10.0; Win64; x64) AppleWebKit/537.36 (KHTML, like Gecko) Chrome/126.0.0.0 Safari/537.36', 'YTozOntzOjY6Il90b2tlbiI7czo0MDoiVDRVSUZNMXNxNllKeHViWHc2ZXdMcWJwYUpoZkEyWE1MazBXR290OSI7czo5OiJfcHJldmlvdXMiO2E6MTp7czozOiJ1cmwiO3M6MzA6Imh0dHA6Ly8xMjcuMC4wLjE6ODAwMC9hcGkvbmV3cyI7fXM6NjoiX2ZsYXNoIjthOjI6e3M6Mzoib2xkIjthOjA6e31zOjM6Im5ldyI7YTowOnt9fX0=', 1721389991),
('ZvWru3xprVSNpHmuu4fOnpdXERorOn3evqbk6pNp', NULL, '127.0.0.1', 'Mozilla/5.0 (Windows NT 10.0; Win64; x64) AppleWebKit/537.36 (KHTML, like Gecko) Chrome/126.0.0.0 Safari/537.36', 'YTozOntzOjY6Il90b2tlbiI7czo0MDoid251dHMwZE91bVlwVFVHTEVnNG13cjhxM09xMTRYeTNnYWZSWENWdiI7czo5OiJfcHJldmlvdXMiO2E6MTp7czozOiJ1cmwiO3M6MzA6Imh0dHA6Ly8xMjcuMC4wLjE6ODAwMC9hcGkvbmV3cyI7fXM6NjoiX2ZsYXNoIjthOjI6e3M6Mzoib2xkIjthOjA6e31zOjM6Im5ldyI7YTowOnt9fX0=', 1721389194),
('zxzEoDJWYqWGjNaqena5ri3hmqNVJhc01gQvFMlE', NULL, '127.0.0.1', 'Mozilla/5.0 (Windows NT 10.0; Win64; x64) AppleWebKit/537.36 (KHTML, like Gecko) Chrome/126.0.0.0 Safari/537.36', 'YTozOntzOjY6Il90b2tlbiI7czo0MDoiZFJsUXc2dkVjNXFPS2UzVW16bXR0RzBEdk5SQkVaVGdFMURpaTNkOSI7czo5OiJfcHJldmlvdXMiO2E6MTp7czozOiJ1cmwiO3M6MzI6Imh0dHA6Ly8xMjcuMC4wLjE6ODAwMC9hcGkvbmV3cy8yIjt9czo2OiJfZmxhc2giO2E6Mjp7czozOiJvbGQiO2E6MDp7fXM6MzoibmV3IjthOjA6e319fQ==', 1721391523),
('ZXZGmYNjFMk1YH2tkAShOh8gH3miRCXbMeKCcHzC', NULL, '127.0.0.1', 'Mozilla/5.0 (Windows NT 10.0; Win64; x64) AppleWebKit/537.36 (KHTML, like Gecko) Chrome/126.0.0.0 Safari/537.36', 'YTozOntzOjY6Il90b2tlbiI7czo0MDoieFE3VGVWQWNLcHZXN3BJclVMOEhpdWZqMFRONmNWd0sxd1B5cUFzbCI7czo5OiJfcHJldmlvdXMiO2E6MTp7czozOiJ1cmwiO3M6MzI6Imh0dHA6Ly8xMjcuMC4wLjE6ODAwMC9hcGkvbmV3cy81Ijt9czo2OiJfZmxhc2giO2E6Mjp7czozOiJvbGQiO2E6MDp7fXM6MzoibmV3IjthOjA6e319fQ==', 1721391338);

-- --------------------------------------------------------

--
-- Table structure for table `users`
--

CREATE TABLE `users` (
  `id` bigint(20) UNSIGNED NOT NULL,
  `name` varchar(255) NOT NULL,
  `email` varchar(255) NOT NULL,
  `password` varchar(255) NOT NULL,
  `adderss` varchar(255) NOT NULL,
  `phone_number` varchar(255) NOT NULL,
  `role_id` tinyint(4) NOT NULL DEFAULT 0,
  `status` tinyint(4) NOT NULL DEFAULT 1,
  `created_at` timestamp NULL DEFAULT NULL,
  `updated_at` timestamp NULL DEFAULT NULL
) ENGINE=InnoDB DEFAULT CHARSET=utf8mb4 COLLATE=utf8mb4_unicode_ci;

--
-- Indexes for dumped tables
--

--
-- Indexes for table `appointments`
--
ALTER TABLE `appointments`
  ADD PRIMARY KEY (`id`);

--
-- Indexes for table `migrations`
--
ALTER TABLE `migrations`
  ADD PRIMARY KEY (`id`);

--
-- Indexes for table `news`
--
ALTER TABLE `news`
  ADD PRIMARY KEY (`id`);

--
-- Indexes for table `password_reset_tokens`
--
ALTER TABLE `password_reset_tokens`
  ADD PRIMARY KEY (`email`);

--
-- Indexes for table `products`
--
ALTER TABLE `products`
  ADD PRIMARY KEY (`id`),
  ADD KEY `products_type_id_foreign` (`type_id`);

--
-- Indexes for table `product_types`
--
ALTER TABLE `product_types`
  ADD PRIMARY KEY (`id`);

--
-- Indexes for table `sessions`
--
ALTER TABLE `sessions`
  ADD PRIMARY KEY (`id`),
  ADD KEY `sessions_user_id_index` (`user_id`),
  ADD KEY `sessions_last_activity_index` (`last_activity`);

--
-- Indexes for table `users`
--
ALTER TABLE `users`
  ADD PRIMARY KEY (`id`),
  ADD UNIQUE KEY `users_email_unique` (`email`);

--
-- AUTO_INCREMENT for dumped tables
--

--
-- AUTO_INCREMENT for table `appointments`
--
ALTER TABLE `appointments`
  MODIFY `id` bigint(20) UNSIGNED NOT NULL AUTO_INCREMENT;

--
-- AUTO_INCREMENT for table `migrations`
--
ALTER TABLE `migrations`
  MODIFY `id` int(10) UNSIGNED NOT NULL AUTO_INCREMENT, AUTO_INCREMENT=7;

--
-- AUTO_INCREMENT for table `news`
--
ALTER TABLE `news`
  MODIFY `id` bigint(20) UNSIGNED NOT NULL AUTO_INCREMENT, AUTO_INCREMENT=5;

--
-- AUTO_INCREMENT for table `products`
--
ALTER TABLE `products`
  MODIFY `id` bigint(20) UNSIGNED NOT NULL AUTO_INCREMENT, AUTO_INCREMENT=11;

--
-- AUTO_INCREMENT for table `product_types`
--
ALTER TABLE `product_types`
  MODIFY `id` bigint(20) UNSIGNED NOT NULL AUTO_INCREMENT, AUTO_INCREMENT=3;

--
-- AUTO_INCREMENT for table `users`
--
ALTER TABLE `users`
  MODIFY `id` bigint(20) UNSIGNED NOT NULL AUTO_INCREMENT;

--
-- Constraints for dumped tables
--

--
-- Constraints for table `products`
--
ALTER TABLE `products`
  ADD CONSTRAINT `products_type_id_foreign` FOREIGN KEY (`type_id`) REFERENCES `product_types` (`id`);
COMMIT;

/*!40101 SET CHARACTER_SET_CLIENT=@OLD_CHARACTER_SET_CLIENT */;
/*!40101 SET CHARACTER_SET_RESULTS=@OLD_CHARACTER_SET_RESULTS */;
/*!40101 SET COLLATION_CONNECTION=@OLD_COLLATION_CONNECTION */;
